Workbook

Sheet Prisoversikt juni 2026
A1: We4you AS – Prisoversikt Sentralbord 2026 | August 2026 | Beregnet vs Faktisk (Tripletex)
A2: # | B2: Kunde | C2: Status | D2: Prismodell | E2: Pris 2026 | F2: Inkludert | G2: Merknader / pristrapp | H2: Besvarte anrop | I2: Beregnet pris | J2: Faktisk august(Tripletex ekskl.) | K2: Avvik (J−I)
A3: STANDARDTABELL 0-99 (inkl. fast pris-varianter)
A4: 1 | B4: 2Clean AS | C4: Aktiv | D4: Standardtabell 0-99 | E4: kr 2 960 / mnd | F4: 0–99 samtaler | G4: Ekstra engangsfaktura juni: kr 1 070 (e-postmigrering til Nordn) – ikke sentralbord | H4: 48 | I4: =IF(H4="–","–",IFERROR(VLOOKUP(H4,Tabeller!$A$2:$B$35,2,TRUE()),2960)) -> 2960 | J4: 2960 | K4: =IF(ISNUMBER(I4),IF(ISNUMBER(J4),J4-I4,""),"–") -> 0
A5: 2 | B5: Advokat Olga Halvorsen AS | C5: Aktiv | D5: Standardtabell 0-99 | E5: kr 2 960 / mnd | F5: 0–99 samtaler | H5: 23 | I5: =IF(H5="–","–",IFERROR(VLOOKUP(H5,Tabeller!$A$2:$B$35,2,TRUE()),2960)) -> 2960 | J5: 2960 | K5: =IF(ISNUMBER(I5),IF(ISNUMBER(J5),J5-I5,""),"–") -> 0
A6: 3 | B6: Advokat Sandra Latotinaite | C6: Aktiv | D6: Standardtabell 0-99 | E6: kr 2 960 / mnd | F6: 0–99 samtaler | H6: 22 | I6: =IF(H6="–","–",IFERROR(VLOOKUP(H6,Tabeller!$A$2:$B$35,2,TRUE()),2960)) -> 2960 | J6: 2960 | K6: =IF(ISNUMBER(I6),IF(ISNUMBER(J6),J6-I6,""),"–") -> 0
A7: 4 | B7: Akkodis – Data Respons | C7: Aktiv | D7: Standardtabell 0-99 | E7: kr 2 960 / mnd | F7: 0–99 samtaler | G7: Tidl. Datarespons | H7: 9 | I7: =IF(H7="–","–",IFERROR(VLOOKUP(H7,Tabeller!$A$2:$B$35,2,TRUE()),2960)) -> 2960 | J7: 2960 | K7: =IF(ISNUMBER(I7),IF(ISNUMBER(J7),J7-I7,""),"–") -> 0
A8: 5 | B8: Bodyfly Frogner AS | C8: Aktiv | D8: Fast pris | E8: kr 1 600 / mnd inkl. 99 anrop | F8: 0–99 anrop | G8: Fast pris 1 600 – IKKE standardtabell 2 960 | H8: 15 | I8: =1600 -> 1600 | J8: 1600 | K8: =IF(ISNUMBER(I8),IF(ISNUMBER(J8),J8-I8,""),"–") -> 0
A9: 6 | B9: Calpro AS | C9: Aktiv | D9: Standardtabell 0-99 | E9: kr 2 960 / mnd | F9: 0–99 samtaler | H9: 7 | I9: =IF(H9="–","–",IFERROR(VLOOKUP(H9,Tabeller!$A$2:$B$35,2,TRUE()),2960)) -> 2960 | J9: 2960 | K9: =IF(ISNUMBER(I9),IF(ISNUMBER(J9),J9-I9,""),"–") -> 0
A10: 7 | B10: Coromatic AS | C10: Aktiv | D10: Standardtabell 0-99 | E10: kr 2 960 / mnd | F10: 0–99 samtaler | G10: Coromatic skal følgestandard tabell 0-99 | H10: 110 | I10: 3580 | J10: 3580 | K10: =IF(ISNUMBER(I10),IF(ISNUMBER(J10),J10-I10,""),"–") -> 0
A11: 8 | B11: Dal Media (Digital Media Group AS) | C11: Aktiv | D11: Standardtabell 0-99 + faste tillegg 199x3=kr 597 | E11: Standardtabell (hoved-kø)Tell med samlet antall besvart samtaler for Dal media(Digital media group AS) + 3 selskaper på statistikken: TDC Caravan + Saltando + Victoria + + 3 × kr 199 tillegg | F11: Se anrop | G11: Fakturer samlet antall besvart samtaler for 3 selskaper på statistikken: TDC Caravan + Saltando + Victoria + (3×199kr). Tripletex-navn: Digital Media Group AS | H11: 206 | I11: =IF(H11="–","–",IFERROR(VLOOKUP(H11,Tabeller!$A$2:$B$35,2,TRUE()),2960)+3*199) -> 5267 | J11: 5267 | K11: =IF(ISNUMBER(I11),IF(ISNUMBER(J11),J11-I11,""),"–") -> 0
A12: 9 | B12: Element Logic AS | C12: Aktiv | D12: Kvartalsvis (standardtabell) | E12: kr 8 880 / kvartal | F12: Kvartalsvis forskudd | G12: April–juni betalt april – neste faktura juli | H12: 46 | I12: =0 -> 0 | J12: 0 | K12: =IF(ISNUMBER(I12),IF(ISNUMBER(J12),J12-I12,""),"–") -> 0
A13: 10 | B13: Element Logic Sweden AB | C13: Aktiv | D13: Kvartalsvis (standardtabell) | E13: kr 8 880 / kvartal | F13: Kvartalsvis forskudd | G13: Q3-forskudd betalt juni | H13: 40 | I13: =8880 -> 8880 | J13: 8880 | K13: =IF(ISNUMBER(I13),IF(ISNUMBER(J13),J13-I13,""),"–") -> 0
A14: 11 | B14: First Mover Group Norge AS / Relokator | C14: Aktiv | D14: Standardtabell 0-99 + tillegg | E14: kr 2 960 / mnd + tillegg | F14: 0–99 samtaler | H14: 117 | I14: =IF(H14="–","–",IFERROR(VLOOKUP(H14,Tabeller!$A$2:$B$35,2,TRUE()),2960)+1439) -> 5019 | J14: 5019 | K14: =IF(ISNUMBER(I14),IF(ISNUMBER(J14),J14-I14,""),"–") -> 0
A15: 12 | B15: Foma Norge AS | C15: Aktiv | D15: Standardtabell + grunnpris kr 199 | E15: Standardtabell + kr 199 grunnpris / mnd | F15: 0–99+ samtaler | H15: 309 | I15: =IF(H15="–","–",IFERROR(VLOOKUP(H15,Tabeller!$A$2:$B$35,2,TRUE()),2960)+199) -> 7029 | J15: 7029 | K15: =IF(ISNUMBER(I15),IF(ISNUMBER(J15),J15-I15,""),"–") -> 0
A16: 13 | B16: Gass og Pusteservice AS | C16: Aktiv | D16: Standardtabell + utvidet åpningstid | E16: kr 2 960 / mnd + kr 360 utvidet åpningstid | F16: 0–99 samtaler | G16: Tillegg utvidet åpningstid: kr 360/mnd | H16: 83 | I16: =IF(H16="–","–",IFERROR(VLOOKUP(H16,Tabeller!$A$2:$B$35,2,TRUE()),2960)+360) -> 3320 | J16: 3320 | K16: =IF(ISNUMBER(I16),IF(ISNUMBER(J16),J16-I16,""),"–") -> 0
A17: 14 | B17: Kardex Norge AS | C17: Aktiv | D17: Standardtabell 0-99 | E17: kr 2 960 / mnd | F17: 0–99 samtaler | H17: 65 | I17: =IF(H17="–","–",IFERROR(VLOOKUP(H17,Tabeller!$A$2:$B$35,2,TRUE()),2960)) -> 2960 | J17: 2960 | K17: =IF(ISNUMBER(I17),IF(ISNUMBER(J17),J17-I17,""),"–") -> 0
A18: 15 | B18: KTV Group AS | C18: Aktiv | D18: Standardtabell 0-99 (10 % rabatt) | E18: kr 2 664 / mnd (2 960 med 10 % rabatt) | F18: 0–99 samtaler | G18: Fast 10 % rabatt på standardtabell | H18: 15 | I18: =IF(H18="–","–",ROUND(IFERROR(VLOOKUP(H18,Tabeller!$A$2:$B$35,2,TRUE()),2960)*0.9,0)) -> 2664 | J18: 2664 | K18: =IF(ISNUMBER(I18),IF(ISNUMBER(J18),J18-I18,""),"–") -> 0
A19: 16 | B19: NOAH AS | C19: Aktiv | D19: Standardtabell 0-99 | E19: kr 2 960 / mnd | F19: 0–99 samtaler | H19: 49 | I19: =IF(H19="–","–",IFERROR(VLOOKUP(H19,Tabeller!$A$2:$B$35,2,TRUE()),2960)) -> 2960 | J19: 2960 | K19: =IF(ISNUMBER(I19),IF(ISNUMBER(J19),J19-I19,""),"–") -> 0
A20: 17 | B20: Norenco Norge AS | C20: Aktiv | D20: Standardtabell + tillegg linje | E20: Standardtabell + kr 199 tillegg | F20: 0–99 samtaler | H20: 68 | I20: =IF(H20="–","–",IFERROR(VLOOKUP(H20,Tabeller!$A$2:$B$35,2,TRUE()),2960)+199) -> 3159 | J20: 3159 | K20: =IF(ISNUMBER(I20),IF(ISNUMBER(J20),J20-I20,""),"–") -> 0
A21: 18 | B21: Senter for stress og Traumepsykologi AS | C21: Aktiv | D21: Standardtabell 0-99 | E21: kr 2 960 / mnd | F21: 0–99 samtaler | H21: 47 | I21: =IF(H21="–","–",IFERROR(VLOOKUP(H21,Tabeller!$A$2:$B$35,2,TRUE()),2960)) -> 2960 | J21: 2960 | K21: =IF(ISNUMBER(I21),IF(ISNUMBER(J21),J21-I21,""),"–") -> 0
A22: 19 | B22: Spraying Systems Sverige AB | C22: Aktiv | D22: Standardtabell 0-99 | E22: kr 2 960 / mnd | F22: 0–99 samtaler | H22: 14 | I22: =IF(H22="–","–",IFERROR(VLOOKUP(H22,Tabeller!$A$2:$B$35,2,TRUE()),2960)) -> 2960 | J22: 2960 | K22: =IF(ISNUMBER(I22),IF(ISNUMBER(J22),J22-I22,""),"–") -> 0
A23: 20 | B23: Standard Norge AS | C23: Aktiv | D23: Standardtabell 0-99 | E23: kr 2 960 / mnd | F23: 0–99 samtaler | H23: 175 | I23: =IF(H23="–","–",IFERROR(VLOOKUP(H23,Tabeller!$A$2:$B$35,2,TRUE()),2960)) -> 4090 | J23: 4090 | K23: =IF(ISNUMBER(I23),IF(ISNUMBER(J23),J23-I23,""),"–") -> 0
A24: 21 | B24: TD Synnex Norway AS | C24: Aktiv | D24: Standardtabell 0-99 | E24: kr 2 960 / mnd | F24: 0–99 samtaler | H24: 128 | I24: 3580 | J24: 3580 | K24: =IF(ISNUMBER(I24),IF(ISNUMBER(J24),J24-I24,""),"–") -> 0
A25: 22 | B25: Teva AS (Teva-Actavis) | C25: Aktiv | D25: Standardtabell + grunnpris kr 199 | E25: Standardtabell + kr 199 grunnpris | F25: 0–99 samtaler | H25: 13 | I25: 3159 | J25: 3159 | K25: =IF(ISNUMBER(I25),IF(ISNUMBER(J25),J25-I25,""),"–") -> 0
A26: 23 | B26: Ultralydklinikken AS | C26: Aktiv | D26: Standardtabell 0-99 | E26: kr 2 960 / mnd | F26: 0–99 samtaler | H26: 74 | I26: =IF(H26="–","–",IFERROR(VLOOKUP(H26,Tabeller!$A$2:$B$35,2,TRUE()),2960)) -> 2960 | J26: 2960 | K26: =IF(ISNUMBER(I26),IF(ISNUMBER(J26),J26-I26,""),"–") -> 0
A27: 24 | B27: Veidekke Industri AS – Møre | C27: Aktiv | D27: Standardtabell 0-99 | E27: kr 2 960 / mnd | F27: 0–99 samtaler | G27: Kø 3792 · Kunde nr 32722 | H27: 42 | I27: =IF(H27="–","–",IFERROR(VLOOKUP(H27,Tabeller!$A$2:$B$35,2,TRUE()),2960)) -> 2960 | J27: 2960 | K27: =IF(ISNUMBER(I27),IF(ISNUMBER(J27),J27-I27,""),"–") -> 0
A28: 25 | B28: Veidekke Industri AS – Sogn(60309) | C28: Aktiv | D28: Standardtabell 0-99 | E28: kr 2 960 / mnd | F28: 0–99 samtaler | G28: Kø 4509 · Oppstart mars 2026. Kunde 33197 | H28: 42 | I28: =IF(H28="–","–",IFERROR(VLOOKUP(H28,Tabeller!$A$2:$B$35,2,TRUE()),2960)) -> 2960 | J28: 2960 | K28: =IF(ISNUMBER(I28),IF(ISNUMBER(J28),J28-I28,""),"–") -> 0
A30: FAST PRIS + STYKKPRIS (individuelle avtaler)
A31: 26 | B31: Advokat Henjum AS | C31: Aktiv | D31: Fast pris kr 920 + stykkpris kr 46/anrop | E31: kr 920 / mnd inkl. 20 anrop + kr 46 / anrop over 20 | F31: 0–20 anrop | G31: Feilaktig markert sagt opp – aktiv per juni 2026 | H31: 20 | I31: =IF(H31="–",920,920+MAX(0,H31-20)*46) -> 920 | J31: 920 | K31: =IF(ISNUMBER(I31),IF(ISNUMBER(J31),J31-I31,""),"–") -> 0
A32: 27 | B32: Compass Group Norge AS (Veidekke-hovednummer) | C32: Aktiv | D32: Fast pris kr 1700 inkludert 800 anrop + stykkpris per anrop over 800 er kr 26 | E32: kr 17 000 / mnd inkl. 800 anrop + kr 26 / over 800 | F32: 0–800 anrop | G32: Kø 3082 · Juni: 475 anrop + 1 776 e-poster × kr 10 = kr 17 760. Bekreftet av Geir | H32: 457 | I32: =IF(H32="–","–",17000+MAX(0,H32-800)*26) -> 17000 | J32: 17000 | K32: =IF(ISNUMBER(I32),IF(ISNUMBER(J32),J32-I32,""),"–") -> 0
A33: 28 | B33: Veidekke – e-posthåndtering | C33: Aktiv | D33: Stykkpris kr 10 per e-post | E33: kr 10 / e-post (telles manuelt) | F33: Per videresendelse | G33: Tillegg i Compass Group-fakturaen – faktureres separat for å håndtere e-postene | H33: 1662 | I33: 16620 | J33: 16620 | K33: =IF(ISNUMBER(I33),IF(ISNUMBER(J33),J33-I33,""),"–") -> 0
A34: 29 | B34: Frano AS | C34: Aktiv | D34: Fast pris kr 195 + stykkpris kr 29 per anrop | E34: kr 195 fast / mnd + kr 29 / anrop | F34: Ingen inkludert | H34: 9 | I34: =IF(H34="–","–",195+H34*29) -> 456 | J34: 456 | K34: =IF(ISNUMBER(I34),IF(ISNUMBER(J34),J34-I34,""),"–") -> 0
A35: 30 | B35: Funksjonell Medisinsk Klinikk AS | C35: Aktiv | D35: Fast pris kr 840 20 anrop inkl + stykkpris per anrop over 20 er kr 42 | E35: kr 840 / mnd inkl. 20 anrop + kr 42 / anrop over 20 (betaler alltid grunnpris) | F35: 0–20 anrop | G35: 13 anrop i juni · Betaler alltid 840 grunnpris uansett volum | H35: 25 | I35: 1050 | J35: 1050 | K35: =IF(ISNUMBER(I35),IF(ISNUMBER(J35),J35-I35,""),"–") -> 0
A36: 31 | B36: Fysiodirekte AS | C36: Aktiv | D36: kr 805 / mnd inkl. 20 anrop + kr 40 / anrop over 20 (betaler alltid grunnpris) | E36: kr 805 / mnd inkl. 20 anrop + kr 40 / anrop over 20 (betaler alltid grunnpris) | F36: 0–20 anrop | G36: Betaler grunnpris selv uten anrop | H36: 0 | I36: =805 -> 805 | J36: 805 | K36: =IF(ISNUMBER(I36),IF(ISNUMBER(J36),J36-I36,""),"–") -> 0
A37: 32 | B37: Gulvfag Norge AS | C37: Aktiv | D37: kr 700 / mnd inkl. 20 + kr 36 / over 20 + 3 × kr 139 tilknytning | E37: kr 700 / mnd inkl. 20 + kr 36 / over 20 + 3 × kr 139 tilknytning | F37: 0–20 anrop | G37: 3 tillegg: Nye Gulv Norge (1 anrop) + Adler Parkettsliperi (17) + Hytteguttene · Totalt 46 anrop, 26 over 20 | H37: 36 | I37: =IF(H37="–","–",700+MAX(0,H37-20)*36+3*139) -> 1693 | J37: 1693 | K37: =IF(ISNUMBER(I37),IF(ISNUMBER(J37),J37-I37,""),"–") -> 0
A38: 33 | B38: Gunvaldsen og sønn AS | C38: Aktiv | D38: kr 1 180 / mnd inkl. 40 anrop + kr 27 / anrop over 40 | E38: kr 1 180 / mnd inkl. 40 anrop + kr 27 / anrop over 40 | F38: 0–40 anrop | H38: 57 | I38: =IF(H38="–","–",1180+MAX(0,H38-40)*27) -> 1639 | J38: 1639 | K38: =IF(ISNUMBER(I38),IF(ISNUMBER(J38),J38-I38,""),"–") -> 0
A39: 34 | B39: IKT Nor AS | C39: Aktiv | D39: kr 860 / mnd inkl. 20 anrop + kr 42 / anrop over 20 | E39: kr 860 / mnd inkl. 20 anrop + kr 42 / anrop over 20 | F39: 0–20 anrop | H39: 19 | I39: =IF(H39="–","–",860+MAX(0,H39-20)*42) -> 860 | J39: 860 | K39: =IF(ISNUMBER(I39),IF(ISNUMBER(J39),J39-I39,""),"–") -> 0
A40: 35 | B40: Invicta AS | C40: Aktiv | D40: fast pris kr 2 900 / mnd inkludert 200 anrop + stykkpris kr 18 / anrop over 200 | E40: kr 2 900 / mnd base + kr 18 / anrop over 200 | F40: 0–200 anrop | H40: 93 | I40: =IF(H40="–","–",2900+MAX(0,H40-200)*18) -> 2900 | J40: 2900 | K40: =IF(ISNUMBER(I40),IF(ISNUMBER(J40),J40-I40,""),"–") -> 0
A41: 36 | B41: JCDecaux Norge AS | C41: Aktiv | D41: kr 2 000 / mnd inkl. 20 anrop + kr 40 / anrop over 20 (ny pris juni 2026) | E41: kr 2 000 / mnd inkl. 20 anrop + kr 40 / anrop over 20 (ny pris juni 2026) | F41: 0–20 anrop | G41: Ny pris fra juni 2026 (tidl. kr 4 480) | H41: 8 | I41: =IF(H41="–",2000,2000+MAX(0,H41-20)*40) -> 2000 | J41: 2000 | K41: =IF(ISNUMBER(I41),IF(ISNUMBER(J41),J41-I41,""),"–") -> 0
A42: 37 | B42: Kontroll Elektro AS | C42: Aktiv | D42: kr 860 / mnd inkl. 20 anrop + kr 42 / anrop over 20 | E42: kr 860 / mnd inkl. 20 anrop + kr 42 / anrop over 20 | F42: 0–20 anrop | H42: 11 | I42: =IF(H42="–","–",860+MAX(0,H42-20)*42) -> 860 | J42: 860 | K42: =IF(ISNUMBER(I42),IF(ISNUMBER(J42),J42-I42,""),"–") -> 0
A43: 38 | B43: Meavia AS / Bekkestua Psykologen | C43: Aktiv | D43: Fast pris kr 199 / mnd + kr 42 / anrop | E43: Fast pris kr 199 / mnd + kr 42 / anrop | F43: Ingen inkludert | H43: 23 | I43: =IF(H43="–","–",199+H43*42) -> 1165 | J43: 1165 | K43: =IF(ISNUMBER(I43),IF(ISNUMBER(J43),J43-I43,""),"–") -> 0
A44: 39 | B44: PC Vennen AS | C44: Aktiv | D44: Fast pris kr 3 010 / mnd inkl. 149 anrop | E44: kr 3 010 / mnd inkl. 149 anrop | F44: 0–149 anrop | G44: Kontakt: Harald Brevig | H44: 72 | I44: =3010 -> 3010 | J44: 3010 | K44: =IF(ISNUMBER(I44),IF(ISNUMBER(J44),J44-I44,""),"–") -> 0
A45: 40 | B45: Philips Norge AS | C45: Aktiv | D45: Fast pris kr 8 110 / mnd + kr 18 / anrop over 499 | E45: kr 8 110 / mnd + kr 18 / anrop over 499 | F45: 0–499 anrop | H45: 162 | I45: 8110 | J45: 8110 | K45: =IF(ISNUMBER(I45),IF(ISNUMBER(J45),J45-I45,""),"–") -> 0
A46: 41 | B46: Positiv Trafikkskole AS | C46: Aktiv | D46: kr 515 / mnd + kr 42 / anrop | E46: kr 515 / mnd + kr 42 / anrop | F46: Ingen inkludert | H46: 17 | I46: =IF(H46="–","–",515+H46*42) -> 1229 | J46: 1229 | K46: =IF(ISNUMBER(I46),IF(ISNUMBER(J46),J46-I46,""),"–") -> 0
A47: 42 | B47: Prevas AS | C47: Aktiv | D47: Fast pris kr 199 fast / mnd + kr 46 / anrop | E47: kr 199 fast / mnd + kr 46 / anrop | F47: Ingen inkludert | H47: 11 | I47: =IF(H47="–","–",199+H47*46) -> 705 | J47: 705 | K47: =IF(ISNUMBER(I47),IF(ISNUMBER(J47),J47-I47,""),"–") -> 0
A48: 43 | B48: Safari Planter AS | C48: Aktiv | D48: Fast pris kr 199 grunnpris / mnd + kr 46 / anrop | E48: kr 199 grunnpris / mnd + kr 46 / anrop | F48: Ingen inkludert | H48: 4 | I48: =IF(H48="–","–",199+H48*46) -> 383 | J48: 383 | K48: =IF(ISNUMBER(I48),IF(ISNUMBER(J48),J48-I48,""),"–") -> 0
A49: 44 | B49: Tropisk Design AS | C49: Aktiv | D49: Fast pris kr 880 / mnd inkl. 20 anrop + kr 45 / anrop over 20 | E49: kr 880 / mnd inkl. 20 anrop + kr 45 / anrop over 20 | F49: 0–20 anrop | H49: 21 | I49: =IF(H49="–","–",880+MAX(0,H49-20)*45) -> 925 | J49: 925 | K49: =IF(ISNUMBER(I49),IF(ISNUMBER(J49),J49-I49,""),"–") -> 0
A50: 45 | B50: Vika Fysikalske Institutt AS | C50: Aktiv | D50: Fast pris kr 199 fast + kr 790 rapporter + volumtabell (0-30) kr 1430 (31–40: 1 640) (41-50) kr 1880 (51-60) kr 2100 (61-70 kr 2300 71-80 kr 2600 | E50: kr 199 fast + kr 790 rapporter + volumtabell (31–40: 1 640) | F50: Volumtabell | H50: 71 | I50: 3589 | J50: 3589 | K50: =IF(ISNUMBER(I50),IF(ISNUMBER(J50),J50-I50,""),"–") -> 0
A51: 46 | B51: Zones AS | C51: Aktiv | D51: kr 820 / mnd inkl. 20 anrop + kr 42 / anrop over 20 | E51: kr 820 / mnd inkl. 20 anrop + kr 42 / anrop over 20 | F51: 0–20 anrop | G51: Back-up løsning | H51: 2 | I51: =820 -> 820 | J51: 820 | K51: =IF(ISNUMBER(I51),IF(ISNUMBER(J51),J51-I51,""),"–") -> 0
A53: CEG-TABELL (20-trinns trappetabell – NEMUS delt per klinikk)
A54: 47 | B54: CEG Norway AS | C54: Aktiv | D54: CEG-tabell | E54: kr 1 500 / mnd (0–69) og oppover | F54: 0–69 samtaler | H54: 82 | I54: =IF(H54="–","–",IFERROR(VLOOKUP(H54,Tabeller!$D$2:$E$23,2,TRUE()),1500)) -> 2280 | J54: 2280 | K54: =IF(ISNUMBER(I54),IF(ISNUMBER(J54),J54-I54,""),"–") -> 0
A55: 48 | B55: Dental Sør AS | C55: Aktiv | D55: CEG-tabell | E55: kr 1 500 / mnd (0–69) og oppover | F55: 0–69 samtaler | G55: CEG 20-trinns tabell | H55: 302 | I55: =IF(H55="–","–",IFERROR(VLOOKUP(H55,Tabeller!$D$2:$E$23,2,TRUE()),1500)) -> 6100 | J55: 6100 | K55: =IF(ISNUMBER(I55),IF(ISNUMBER(J55),J55-I55,""),"–") -> 0
A56: 49 | B56: Klinikk Øre-nese-hals AS | C56: Aktiv | D56: CEG-tabell | E56: kr 1 500 / mnd (0–69) og oppover | F56: 0–69 samtaler | H56: 340 | I56: =IF(H56="–","–",IFERROR(VLOOKUP(H56,Tabeller!$D$2:$E$23,2,TRUE()),1500)) -> 6940 | J56: 6940 | K56: =IF(ISNUMBER(I56),IF(ISNUMBER(J56),J56-I56,""),"–") -> 0
A57: 50 | B57: NEMUS – Horten Helseklinikk AS | C57: Aktiv | D57: CEG-tabell + fastpris tillegg | E57: kr 115 fast + kr 199 tillegg + CEG-tabell (116 anrop → 3 145) | F57: Per anrop | G57: 116 anrop i juni → CEG-tier · Totalt kr 3 459 ekskl. | H57: 94 | I57: =IF(H57="–","–",IFERROR(VLOOKUP(H57,Tabeller!$D$2:$E$23,2,TRUE()),1500)+199) -> 3069 | J57: 3069 | K57: =IF(ISNUMBER(I57),IF(ISNUMBER(J57),J57-I57,""),"–") -> 0
A58: 51 | B58: NEMUS – Larvik AS | C58: Aktiv | D58: CEG-tabell + fastpris kr 199 | E58: kr 115 fast + kr 199 tillegg + CEG-tabell (0 anrop → 0) | F58: Per anrop | G58: 0 anrop i juni → kun fastpris + tillegg = kr 1 699 ekskl. | H58: 64 | I58: =IF(H58="–","–",IFERROR(VLOOKUP(H58,Tabeller!$D$2:$E$23,2,TRUE()),1500)+199) -> 1699 | J58: 1699 | K58: =IF(ISNUMBER(I58),IF(ISNUMBER(J58),J58-I58,""),"–") -> 0
A59: 52 | B59: NEMUS – Nøtterøy Helseklinikk AS | C59: Aktiv | D59: CEG-tabell + fastpris kr 199 | E59: kr 1 500 fast + kr 199 tillegg + CEG-tabell (81 anrop) | F59: Per anrop | G59: 81 anrop i juni · Totalt kr 2 479 ekskl. | H59: 72 | I59: =IF(H59="–","–",IFERROR(VLOOKUP(H59,Tabeller!$D$2:$E$23,2,TRUE()),1500)+199) -> 2479 | J59: 2479 | K59: =IF(ISNUMBER(I59),IF(ISNUMBER(J59),J59-I59,""),"–") -> 0
A60: 53 | B60: NEMUS – Sandefjord Kiropraktikk AS | C60: Aktiv | D60: CEG-tabell + fastpris kr 199 | E60: kr 1 500 fast + kr 199 tillegg + CEG-tabell (85 anrop) | F60: Per anrop | G60: 85 anrop i juni · Totalt kr 2 479 ekskl. | H60: 72 | I60: =IF(H60="–","–",IFERROR(VLOOKUP(H60,Tabeller!$D$2:$E$23,2,TRUE()),1500)+199) -> 2479 | J60: 2479 | K60: =IF(ISNUMBER(I60),IF(ISNUMBER(J60),J60-I60,""),"–") -> 0
A61: 54 | B61: NEMUS – Tønsberg Helseklinikk AS | C61: Aktiv | D61: CEG-tabell + fastpris kr 199 | E61: kr 1 500 fast + kr 199 tillegg + CEG-tabell (70 anrop) | F61: Per anrop | G61: 70 anrop i juni · Totalt kr 2 479 ekskl. | H61: 96 | I61: =IF(H61="–","–",IFERROR(VLOOKUP(H61,Tabeller!$D$2:$E$23,2,TRUE()),1500)+199) -> 3069 | J61: 3069 | K61: =IF(ISNUMBER(I61),IF(ISNUMBER(J61),J61-I61,""),"–") -> 0
A62: 55 | B62: Per Tverfjell Bilomsetning AS | C62: Aktiv | D62: CEG-tabell | E62: kr 1 500 / mnd (0–69) og oppover | F62: 0–69 samtaler | G62: OBS: Claude beregnet 3 260 (CEG 110-129, 120 anrop). Tripletex fakturerte 2 870. Avvik kr 390 – bekreftet av Geir at Claude har rett | H62: 116 | I62: =IF(H62="–","–",IFERROR(VLOOKUP(H62,Tabeller!$D$2:$E$23,2,TRUE()),1500)) -> 3260 | J62: 3260 | K62: =IF(ISNUMBER(I62),IF(ISNUMBER(J62),J62-I62,""),"–") -> 0
A63: 56 | B63: Vera Tank AS | C63: Aktiv | D63: CEG-tabell | E63: kr 1 500 / mnd (0–69) og oppover | F63: 0–69 samtaler | H63: 100 | I63: =IF(H63="–","–",IFERROR(VLOOKUP(H63,Tabeller!$D$2:$E$23,2,TRUE()),1500)) -> 2870 | J63: 2870 | K63: =IF(ISNUMBER(I63),IF(ISNUMBER(J63),J63-I63,""),"–") -> 0
A65: EGNE TABELLER (individuelle volumtrapper og spesialavtaler)
A66: 57 | B66: Ahlberg data (PC Vennen AS) | C66: Aktiv | D66: kr 3 490 / mnd + kr 32 / anrop over 99 | E66: kr 3 490 / mnd + kr 32 / anrop over 99 | F66: 0–99 anrop | G66: Kunde nr 32942 | H66: 90 | I66: =IF(H66="–","–",IF(H66<=99,3490,3490+(H66-99)*32)) -> 3490 | J66: 3490 | K66: =IF(ISNUMBER(I66),IF(ISNUMBER(J66),J66-I66,""),"–") -> 0
A67: 58 | B67: Allskog SA | C67: Aktiv | D67: kr 15 000 / mnd | E67: kr 15 000 / mnd | F67: Ubegrenset + statistikk | G67: Ny fast pris fra mars 2026 | H67: 394 | I67: =15000 -> 15000 | J67: 15000 | K67: =IF(ISNUMBER(I67),IF(ISNUMBER(J67),J67-I67,""),"–") -> 0
A68: 59 | B68: Caverion Norge AS | C68: Aktiv | D68: 250-299: kr 5 315 / 300-349: kr 6 275 (2026) | E68: 250-299: kr 5 315 / 300-349: kr 6 275 (2026) | F68: Se pristabell | G68: Nasjonal rammeavtale | H68: 253 | I68: 5315 | J68: 5315 | K68: =IF(ISNUMBER(I68),IF(ISNUMBER(J68),J68-I68,""),"–") -> 0
A69: 60 | B69: EFAS (Eurofusion AS) | C69: Aktiv | D69: kr 199 fast / mnd + volumtabell (0-30: kr 1 330) | E69: kr 199 fast / mnd + volumtabell (0-30: kr 1 330) | F69: Volumtabell | H69: 2 | I69: =IF(H69="–","–",199+IFERROR(VLOOKUP(H69,Tabeller!$J$2:$K$8,2,TRUE()),1330)) -> 1529 | J69: 1529 | K69: =IF(ISNUMBER(I69),IF(ISNUMBER(J69),J69-I69,""),"–") -> 0
A70: 61 | B70: ENRX AS | C70: Aktiv | D70: Volumtrapp: 0-99: kr 2 580 / 100-149: kr 3 100 | E70: Volumtrapp: 0-99: kr 2 580 / 100-149: kr 3 100 | F70: Se kundeark | H70: 46 | I70: =IF(H70="–","–",IFERROR(VLOOKUP(H70,Tabeller!$M$2:$N$6,2,TRUE()),2580)) -> 2580 | J70: 2580 | K70: =IF(ISNUMBER(I70),IF(ISNUMBER(J70),J70-I70,""),"–") -> 0
A71: 62 | B71: Promon AS | C71: Aktiv | D71: Volumtrapp: 0-99: kr 7 410 / 100-149: kr 10 550 | E71: Volumtrapp: 0-99: kr 7 410 / 100-149: kr 10 550 | F71: Se kundeark | H71: 24 | I71: =IF(H71="–","–",IFERROR(VLOOKUP(H71,Tabeller!$P$2:$Q$5,2,TRUE()),7410)) -> 7410 | J71: 7410 | K71: =IF(ISNUMBER(I71),IF(ISNUMBER(J71),J71-I71,""),"–") -> 0
A72: 63 | B72: Rambøll Norge AS | C72: Aktiv | D72: kr 4 640 base + kr 42 / anrop over 299 | E72: kr 4 640 base + kr 42 / anrop over 299 | F72: Se kundeark | G72: Rapport (kr 1 495) er sagt opp. Beregning: 4 640 + 56×42 = 6 992. Bekreftet av Geir | H72: 337 | I72: =IF(H72="–","–",4640+MAX(0,H72-299)*42) -> 6236 | J72: 6236 | K72: =IF(ISNUMBER(I72),IF(ISNUMBER(J72),J72-I72,""),"–") -> 0
A73: 64 | B73: Safenordic AS OBS! Faktureres fra Touchcom AS fra og med august 2026 | C73: Aktiv | D73: kr 1 125 / mnd inkl. 30 anrop (rollover 3 mnd) | E73: kr 1 125 / mnd inkl. 30 anrop (rollover 3 mnd) | F73: 0–30 anrop | G73: Safenordic 1 + Touchcom 10 | H73: 18 | I73: =1125 -> 1125 | J73: 1125 | K73: =IF(ISNUMBER(I73),IF(ISNUMBER(J73),J73-I73,""),"–") -> 0
A75: KVARTALSFAKTURERING
A76: 65 | B76: Enova Trondheim (Compass) | C76: Aktiv | D76: kr 5 140 / kvartal + kr 36 / anrop over 200 | E76: kr 5 140 / kvartal + kr 36 / anrop over 200 | F76: Kvartalsvis | G76: Kvartalsfakturering: kr 5 140 forskudd (jan/apr/jul/okt, faktura siste dag i måneden). Kr 36 per anrop over 200 per kvartal. H-kolonnen = kvartalets samlede anropstall (apr 39 + mai 56 + jun 75 = 170). Neste faktura juli 2026. | H76: 66 | J76: 0 | K76: =IF(ISNUMBER(I76),IF(ISNUMBER(J76),J76-I76,""),"–") -> –
A77: 66 | B77: Norsk Medisinsk Syklotronsenter | C77: Aktiv | D77: kr 2 870 / kvartal (0-99) | E77: kr 2 870 / kvartal (0-99) | F77: Kvartalstall | G77: Ble fakturert i juni | H77: 16 | J77: 0 | K77: =IF(ISNUMBER(I77),IF(ISNUMBER(J77),J77-I77,""),"–") -> –
A78: 67 | B78: NYD – Norsk Yrkesdykkerskole | C78: Aktiv | D78: kr 10 230 / kvartal (forskudd) | E78: kr 10 230 / kvartal (forskudd) | F78: Kvartalsvis | G78: Kvartalsfakturering: kr 10 230 forskudd, faktura 20'de (feb/mai/aug/nov). Neste faktura august 2026. | H78: 63 | I78: =10230 -> 10230 | J78: 0 | K78: =IF(ISNUMBER(I78),IF(ISNUMBER(J78),J78-I78,""),"–") -> -10230
A80: ÅRSABONNEMENT
A81: 68 | B81: Feste Trafikkskole AS | C81: Aktiv | D81: kr 2 580 / år + kr 380/dag (daglig) eller kr 1 490/uke (ferie/ukentlig) | E81: kr 2 580 / år + kr 380/dag (daglig) eller kr 1 490/uke (ferie/ukentlig) | F81: Årsvis | G81: Årsavgift kr 2 580 faktureres september (forskudd). VED BRUK (når anrop vises i Zisson): kr 380 per dag ved daglig bruk eller kr 1 490 per uke ved ukentlig/ferieavvikling. Beregn I-kolonnen manuelt ved bruk. | H81: 16 | I81: 0 | J81: 1700 | K81: =IF(ISNUMBER(I81),IF(ISNUMBER(J81),J81-I81,""),"–") -> 1700
A83: NYE KUNDER – PRISMODELLER HENTET FRA TRIPLETEX
A84: 69 | B84: Dekkteam Ringdekk AS | C84: Aktiv | D84: kr 1 131 fast / mnd + kr 30 / anrop | E84: kr 1 131 fast / mnd + kr 30 / anrop | F84: Ingen inkludert | H84: 21 | I84: =IF(H84="–","–",1131+H84*30) -> 1761 | J84: 1761 | K84: =IF(ISNUMBER(I84),IF(ISNUMBER(J84),J84-I84,""),"–") -> 0
A85: 70 | B85: Fit4 AS (Helselaben) | C85: Aktiv | D85: kr 3 292 / mnd inkl. 100 anrop + kr 28 / over 100 + e-post behandling kr 1548,-(separat på fakturaen) | E85: kr 3 292 / mnd inkl. 100 anrop + kr 28 / over 100 + e-post behandling kr 1548,-(separat på fakturaen) | F85: 0–100 anrop | H85: 41 | I85: =IF(H85="–",3292,3292+MAX(0,H85-100)*28) -> 3292 | J85: 4840 | K85: =IF(ISNUMBER(I85),IF(ISNUMBER(J85),J85-I85,""),"–") -> 1548
A86: 71 | B86: HR Companies AS | C86: Aktiv | D86: kr 873 fast / mnd + kr 30 / anrop | E86: kr 873 fast / mnd + kr 30 / anrop | F86: Ingen inkludert | H86: 0 | I86: =IF(H86="–","–",873+H86*30) -> 873 | J86: 873 | K86: =IF(ISNUMBER(I86),IF(ISNUMBER(J86),J86-I86,""),"–") -> 0
A87: 72 | B87: Krøderen Elektro AS | C87: Aktiv | D87: kr 566 fast + kr 114 /ansatt (21 stk) + kr 30 / anrop | E87: kr 566 fast + kr 114 /ansatt (21 stk) + kr 30 / anrop | F87: Per ansatt + anrop | H87: 560 | I87: =IF(H87="–","–",566+21*114+H87*30) -> 19760 | J87: 19760 | K87: =IF(ISNUMBER(I87),IF(ISNUMBER(J87),J87-I87,""),"–") -> 0
A88: 73 | B88: Menova AS | C88: Aktiv | D88: kr 566 fast + kr 56 / ansatt (25 stk) + kr 28 / anrop | E88: kr 566 fast + kr 56 / ansatt (25 stk) + kr 28 / anrop | F88: Per ansatt + anrop | H88: 29 | I88: =IF(H88="–","–",566+25*56+H88*28) -> 2778 | J88: 2778 | K88: =IF(ISNUMBER(I88),IF(ISNUMBER(J88),J88-I88,""),"–") -> 0
A89: 74 | B89: Print Supplies AS | C89: Aktiv | D89: kr 660 fast / mnd + kr 30 / anrop | E89: kr 660 fast / mnd + kr 30 / anrop | F89: Ingen inkludert | H89: 26 | I89: =IF(H89="–","–",660+H89*30) -> 1440 | J89: 1440 | K89: =IF(ISNUMBER(I89),IF(ISNUMBER(J89),J89-I89,""),"–") -> 0
A90: 75 | B90: Ringerike Elektro AS | C90: Aktiv | D90: kr 764 fast / mnd inkl. 20 anrop + kr 30 / anrop over 20 | E90: kr 764 fast / mnd inkl. 20 anrop + kr 30 / anrop over 20 | F90: 0–20 anrop inkl. | H90: 30 | I90: 1664 | J90: 1664 | K90: =IF(ISNUMBER(I90),IF(ISNUMBER(J90),J90-I90,""),"–") -> 0
A91: 76 | B91: Trafikkskolen Driver AS | C91: Aktiv | D91: kr 6 129 / mnd inkl. 149 anrop + kr 23 / over 149 (inkl. e-post og utgående) | E91: kr 6 129 / mnd inkl. 149 anrop + kr 23 / over 149 (inkl. e-post og utgående) | F91: 0–149 anrop | H91: 120 | I91: =IF(H91="–",6129,6129+MAX(0,H91-149)*23) -> 6129 | J91: 6129 | K91: =IF(ISNUMBER(I91),IF(ISNUMBER(J91),J91-I91,""),"–") -> 0
A92: 77 | B92: Willis Towers Watson AS | C92: Aktiv | D92: kr 640 fast + kr 118 / ansatt (12 stk) + kr 30 / anrop (+ kr 490 samtaleoverføringsrapport fra og med september 2026-kjøringen) | E92: kr 640 fast + kr 118 / ansatt (12 stk) + kr 30 / anrop + kr 490 / mnd (samtaleoverføringsrapport) | F92: Per ansatt + anrop | G92: Bestilt samtaleoverført-rapport – kr 490/mnd tillegg fra og med september 2026-kjøringen. | H92: 84 | I92: =IF(H92="–","–",640+12*118+H92*30) -> 4576 | J92: 4576 | K92: =IF(ISNUMBER(I92),IF(ISNUMBER(J92),J92-I92,""),"–") -> 0
A93: 78 | B93: Ower Trafikkskole | C93: Aktiv | D93: Pris pr måned: kr 2 950,- inntil 30 besvarte samtaler Pris per besvart samtale utover 30: kr 60,- | E93: Pris pr måned: kr 2 950,- inntil 30 besvarte samtaler Pris per besvart samtale utover 30: kr 60,- | F93: Proevemaaned | G93: Pris pr måned: kr 2 950,- inkluderer telefonkanal, tilgjengelighet til våre kundeservicebetjenter og inntil 30 besvarte samtaler Oppdatert prisplan videre etter prøvemåneden.Pris per besvart samtale utover 30: kr 60,- | H93: 25 | I93: =2700 -> 2700 | J93: 2700 | K93: =IF(ISNUMBER(I93),IF(ISNUMBER(J93),J93-I93,""),"–") -> 0
A96: BEREGNET TOTAL august 2026 (ekskl. mva) | J96: =SUM(I4:I95,I99:I101) -> 293489
A97: FAKTISK TOTAL Tripletex august 2026 (ekskl. mva) | J97: =SUM(J4:J95,J99:J101) -> 278757 | K97: =J97-J96 -> -14732
A99: AVVENTER PRISMODELL (nye køer funnet i Zisson, ikke fakturert ennå)
A100: 79 | B100: Kinnarps | C100: Avventer prismodell | D100: Etablering kr 1500 + kr 950 per påbegynt 20-samtalersteg besvarte samtaler (per bestilling/periode) | G100: Ny kø funnet i Zisson august 2026 (5439) – prismodell ikke avtalt ennå | H100: 29 | I100: =IF(H100="–","–",1500+ROUNDUP(H100/20,0)*950) -> 3400
A101: 80 | B101: T. Solbakken Trafikkskole | C101: Aktiv | D101: Fast pris + trappepris per 20 besvarte samtaler | E101: kr 1 500 / mnd fast + kr 950 per påbegynt 20-samtalersteg | F101: Ingen samtaler inkl. i fastprisen | G101: Fast kr 1500/mnd (telefonkanal + tilgjengelighet). + kr 950 per påbegynt 20-steg besvarte samtaler (1-20=1x950, 21-40=2x950, 41-60=3x950, osv). Prismodell bekreftet av Geir 2026-09-15. | H101: 59 | I101: =IF(H101="–","–",1500+ROUNDUP(H101/20,0)*950) -> 4350

Sheet Standard 0-99
A1: Standardtabell 0-99 | F1: 2026
A2: Vol fra | B2: Vol til | F2: Pris
A4: 1 | B4: 99 | F4: 2960
A5: 100 | B5: 149 | F5: 3580
A6: 150 | B6: 199 | F6: 4090
A7: 200 | B7: 249 | F7: 4670
A8: 250 | B8: 299 | F8: 5760
A9: 300 | B9: 349 | F9: 6830
A10: 350 | B10: 399 | F10: 7920
A11: 400 | B11: 449 | F11: 8980
A12: 450 | B12: 499 | F12: 10080
A13: 500 | B13: 549 | F13: 11150
A14: 550 | B14: 599 | F14: 12200
A15: 600 | B15: 649 | F15: 13260
... A37: 2400 | B37: 2499 | F37: 52160

Sheet Fastpris+stykkpris (individuell
A1: FAST PRIS + STYKKPRIS (individuelle avtaler)
A2: Advokat Henjum AS | B2: Aktiv | C2: Fast pris kr 920 + stykkpris kr 46/anrop
A3: Compass Group Norge AS (Veidekke-hovednummer) | B3: Aktiv | C3: Fast pris kr 1700 inkludert 800 anrop + stykkpris per anrop over 800 er kr 26
A4: Veidekke – e-posthåndtering | B4: Aktiv | C4: Stykkpris kr 10 per e-post
A5: Frano AS | B5: Aktiv | C5: Fast pris kr 195 + stykkpris kr 29 per anrop
A6: Funksjonell Medisinsk Klinikk AS | B6: Aktiv | C6: Fast pris kr 840 20 anrop inkl + stykkpris per anrop over 20 er kr 42
A7: Fysiodirekte AS | B7: Aktiv | C7: kr 805 / mnd inkl. 20 anrop + kr 40 / anrop over 20 (betaler alltid grunnpris)
A8: Gulvfag Norge AS | B8: Aktiv | C8: kr 700 / mnd inkl. 20 + kr 36 / over 20 + 3 × kr 139 tilknytning
A9: Gunvaldsen og sønn AS | B9: Aktiv | C9: kr 1 180 / mnd inkl. 40 anrop + kr 27 / anrop over 40
A10: IKT Nor AS | B10: Aktiv | C10: kr 860 / mnd inkl. 20 anrop + kr 42 / anrop over 20
A11: Invicta AS | B11: Aktiv | C11: fast pris kr 2 900 / mnd inkludert 200 anrop + stykkpris kr 18 / anrop over 200
A12: JCDecaux Norge AS | B12: Aktiv | C12: kr 2 000 / mnd inkl. 20 anrop + kr 40 / anrop over 20 (ny pris juni 2026)
A13: Kontroll Elektro AS | B13: Aktiv | C13: kr 860 / mnd inkl. 20 anrop + kr 42 / anrop over 20
... A32: Ower Trafikkskole | B32: Aktiv | C32: Pris pr måned: kr 2 950,- inntil 30 besvarte samtaler Pris per besvart samtale utover 30: kr 60,-

Sheet CEG-tabell
A1: CEG-Tabell
A2: Prisene gjelder per måned og er basert på volum (antall samtaler besvart). Prisene justeres trinnvis etter antall samtaler.
A3: Volum (antall samtaler) | B3: Pris (NOK)
A4: 50 – 69 | B4: 1500
A5: 70 – 89 | B5: 2280
A6: 90 – 109 | B6: 2870
A7: 110 – 129 | B7: 3260
A8: 130 – 149 | B8: 3450
A9: 150 – 169 | B9: 3810
A10: 170 – 189 | B10: 4020
A11: 190 – 209 | B11: 4260
A12: 210 – 229 | B12: 4490
A13: 230 – 249 | B13: 4860
A14: 250 – 269 | B14: 5280
A15: 270 – 289 | B15: 5690
... A123: 2430 – 2449 | B123: 50380

Sheet Caverion
A1: Caverion | C1: 2026
A2: Tabell | B2: 0-99 | C2: 2885
B3: 100-149 | C3: 3303
B4: 150-199 | C4: 3756
B5: 200-249 | C5: 4314
B6: 250-299 | C6: 5315
B7: 300-349 | C7: 6275
B8: 350-399 | C8: 7306
B9: 400-449 | C9: 8308
B10: 450-499 | C10: 9278
B11: 500-549 | C11: 10392
B12: 550-599 | C12: 11228
B13: Tillegg over
B14: >599 | C14: 18

Sheet Fysikalsk institutt
A1: Vika fysikalske institutt
A2: Volum | B2: 2026
A3: 0-30 | B3: 1430
A4: 31-40 | B4: 1640
A5: 41-50 | B5: 1880
A6: 51-60 | B6: 2100
A7: 61-70 | B7: 2300
A8: 71-80 | B8: 2600
A10: Rapporter | B10: fastpris | C10: 790

Sheet Promon tabell
A1: Promon tabell
B2: 2026
A3: 0-99 | B3: 7410
A4: 100-149 | B4: 10550
A5: 150-199 | B5: 13830
A6: 200-249 | B6: 17510

Sheet ENRX tabell
A1: ENRX tabell
A2: 0-99 | B2: 2580
A3: 100-149 | B3: 3100
A4: 150-199 | B4: 3600
A5: 200-249 | B5: 4150
A6: 250-299 | B6: 4640
A7: Over 299: | B7: 32

Sheet Rambøll tabell
A1: Rambøll tabell
B2: Pris 2026
A3: 0 - 99 | B3: 2580
A4: 100-149 | B4: 3090
A5: 150-199 | B5: 3610
A6: 200-249 | B6: 4130
A7: 250-299 | B7: 4640
A9: Pris pr anrop mer enn 299 er kr 42 pr stk.

Sheet Kvartalsfakturering
A2: Fakturaplan Kvartal terminfakturering - Aktive
A4: Kunde | B4: Kunde nr | D4: Produkt | F4: Termin | G4: Fakt dato | I4: Jan | J4: feb | K4: mar | L4: apr | M4: mai | N4: jun | O4: jul | P4: aug | Q4: sep | R4: okt | S4: nov | T4: des
B5: mamut
A8: Element Logic Norge | B8: 32693 | D8: Sentralbord fast | F8: Forskudd pr kvartal 8880,- | G8: 1'ste | I8: x | L8: x | O8: x | R8: x
A10: Element Logic Sverige | B10: 32710 | D10: Sentralbord fast | F10: Forskudd pr kvartal 8880,- eks mva | G10: 1'ste | K10: x | N10: x | Q10: x | T10: x
A12: Norsk yrkesdykkerskole | B12: 30308 | D12: Sentralbord fast | F12: Forskudd pr.kvartal 10230,- | G12: 20'de | J12: x | M12: x | P12: x | S12: x
A14: Norsk Medisinsk Syklotronsenter | D14: Sentralbord fast | F14: Etterskudd pr kvartal 2870,- | G14: 31'de | K14: x | N14: x | Q14: x | T14: x
A16: Feste trafikkskole | D16: Årlig forskudd | F16: 2580,- + (VED BRUK: Daglig pr. dag 380,- Ukentlig bruk(f.eks. ferie) 1490,-) | G16: sep | Q16: x
A18: Compass Group, Trondheim - Enova Powerhouse | B18: 33010 | D18: Sentralbord fast | F18: Forskudd kvartal kr 5140,- | G18: 31'de | I18: x | L18: x | O18: x | R18: x

Sheet Tabeller
A1: STD_Fra | B1: STD_Pris | D1: CEG_Fra | E1: CEG_Pris | G1: CORO_Fra | H1: CORO_Pris | J1: EFAS_Fra | K1: EFAS_Pris | M1: ENRX_Fra | N1: ENRX_Pris | P1: PROMON_Fra | Q1: PROMON_Pris
A2: 0 | B2: 2960 | D2: 0 | E2: 1500 | G2: 0 | H2: 2885 | J2: 0 | K2: 1330 | M2: 0 | N2: 2580 | P2: 0 | Q2: 7410
A3: 100 | B3: 3580 | D3: 70 | E3: 2280 | G3: 100 | H3: 3303 | J3: 31 | K3: 1540 | M3: 100 | N3: 3100 | P3: 100 | Q3: 10550
A4: 150 | B4: 4090 | D4: 90 | E4: 2870 | G4: 150 | H4: 3756 | J4: 41 | K4: 1780 | M4: 150 | N4: 3600 | P4: 150 | Q4: 13830
A5: 200 | B5: 4670 | D5: 110 | E5: 3260 | G5: 200 | H5: 4314 | J5: 51 | K5: 1980 | M5: 200 | N5: 4150 | P5: 200 | Q5: 17510
A6: 250 | B6: 5760 | D6: 130 | E6: 3450 | G6: 250 | H6: 5315 | J6: 61 | K6: 2200 | M6: 250 | N6: 4640
A7: 300 | B7: 6830 | D7: 150 | E7: 3810 | G7: 300 | H7: 6275 | J7: 71 | K7: 2495
A8: 350 | B8: 7920 | D8: 170 | E8: 4020 | G8: 350 | H8: 7306 | J8: 81 | K8: 2850
A9: 400 | B9: 8980 | D9: 190 | E9: 4260 | G9: 400 | H9: 8308
A10: 450 | B10: 10080 | D10: 210 | E10: 4490 | G10: 450 | H10: 9278
A11: 500 | B11: 11150 | D11: 230 | E11: 4860 | G11: 500 | H11: 10392
A12: 550 | B12: 12200 | D12: 250 | E12: 5280 | G12: 550 | H12: 11228
A13: 600 | B13: 13260 | D13: 270 | E13: 5690
A14: 650 | B14: 14360 | D14: 290 | E14: 6100
A15: 700 | B15: 15430 | D15: 310 | E15: 6520
A16: 750 | B16: 16530 | D16: 330 | E16: 6940
A17: 800 | B17: 17590 | D17: 350 | E17: 7370
A18: 850 | B18: 18680 | D18: 370 | E18: 7790
A19: 900 | B19: 19750 | D19: 390 | E19: 8200
A20: 950 | B20: 20820 | D20: 410 | E20: 8610
A21: 1000 | B21: 23000 | D21: 430 | E21: 9020
A22: 1100 | B22: 24100 | D22: 450 | E22: 9440
A23: 1200 | B23: 26260 | D23: 470 | E23: 9860
A24: 1300 | B24: 28400
A25: 1400 | B25: 30240
A26: 1500 | B26: 32710
A27: 1600 | B27: 34890
A28: 1700 | B28: 37060
A29: 1800 | B29: 39200
A30: 1900 | B30: 41380
A31: 2000 | B31: 43500
A32: 2100 | B32: 45650
A33: 2200 | B33: 47850
A34: 2300 | B34: 49980
A35: 2400 | B35: 52160
