Workbook

Sheet Termintabell
A2: Fakturaplan terminfakturering - Aktive
A4: Kunde | B4: Kunde nr | D4: Produkt | F4: Termin | G4: Fakt dato | I4: Jan | J4: feb | K4: mar | L4: apr | M4: mai | N4: jun | O4: jul | P4: aug | Q4: sep | R4: okt | S4: nov | T4: des
B5: mamut
A8: Element Logic Norge | B8: 32693 | D8: Sentralbord fast | F8: Forskudd pr kvartal 8880,- | G8: 1'ste | I8: x | L8: x | O8: x | R8: x
A10: Element Logic Sverige | B10: 32710 | D10: Sentralbord fast | F10: Forskudd pr kvartal 8880,- eks mva | G10: 1'ste | K10: x | N10: x | Q10: x | T10: x
A12: Norsk yrkesdykkerskole | B12: 30308 | D12: Sentralbord fast | F12: Forskudd pr.kvartal 10230,- | G12: 20'de | J12: x | M12: x | P12: x | S12: x
A14: Norsk Medisinsk Syklotronsenter | D14: Sentralbord fast | F14: Etterskudd pr kvartal 2870,- | G14: 31'de | K14: x | N14: x | Q14: x | T14: x
A16: Festa trafikkskole | D16: Årlig forskudd | F16: 2580,- | G16: sep | Q16: x
A18: Compass Group, Trondheim - Enova Powerhouse | B18: 33010 | D18: Sentralbord fast | F18: Forskudd kvartal kr 5140,- | G18: 31'de | I18: x | L18: x | O18: x | R18: x

Sheet Felles
B2: Dato | C2: 46265
B4: Måned | C4: August
B7: Tilleggsopplysninger ved fakturering:
B9: Allskog | C9: Månedsstatistikk
B11: KTV | C11: Salgstelefoner
B14: Coromatic | C14: Husk statistikk fra året før
B17: FMG
B19: Garda | C19: Geir sender
B21: NHO | C21: Geir sender
B23: Veidekke | C23: Månedsstatistikk

Sheet ABC Hus
B2: FAKTURAGRUNNLAG SVARTJENESTE
B4: Kunde | C4: ABC Hus | F4: Saksbehandler: | G4: Geir
B5: Kunde nr | C5: 32494
F6: Dato: | G6: =Felles!C2 -> 46265
B8: Kunden referanse
B9: Navn | C9: Anelia Buitelaar | F9: Etablert: | G9: Fast fra jan 2020
B10: Bestillingsnr/merknad: | C10: 90050 | G10: Tidligere av og på kunde
G11: Sagt opp 11/3-25 - 12 mnd - siste faktura sendes 31/3 2026
B12: Vår referanse: | C12: Geir Bodin | F12: Avtale: | G12: Tabell NB!2019 priser i 2020
B15: Kreditt tid (std. 10 dager) | C15: Netto 10 dager
B16: Kreditt tid (avvikende)
L18: +
B20: Leveranse betegnelse | D20: Måned | E20: Antall | F20: Stk pris | H20: Pris x.mva
B22: Sentralbordtjeneste/back up | D22: =Felles!C4 -> August | E22: 1 | F22: 780 | H22: =E22*F22 -> 780
B23: inkl. 20 samtaler
B24: Samtaler > 20 | E24: 0 | F24: =F22/20 -> 39 | H24: =E24*F24 -> 0
B32: Tekst på faktura:
B39: Sum til fakturering kunde eks.mva | H39: =SUM(H22:H38) -> 780

Sheet AdvHenjum
B2: FAKTURAGRUNNLAG SVARTJENESTE
B4: Kunde | C4: Adv. Henjum | F4: Saksbehandler: | G4: Geir
B5: Kunde nr | C5: 32448
F6: Dato: | G6: =Felles!C2 -> 46265
B8: Kunden referanse
B9: Navn | F9: Etablert: | G9: Sept 2014
B10: Bestillingsnr/merknad: | G10: juni 2024 siste mnd
B12: Vår referanse: | C12: Geir Bodin | F12: Avtale: | G12: 640/32
G13: 660/33
G14: Tabell fra juli 2015 til juni 2024
B15: Kreditt tid (std. 10 dager) | C15: Netto 10 dager | G15: 880/44 | H15: fra juli 2024
B16: Kreditt tid (avvikende)
B20: Leveranse betegnelse | D20: Måned | E20: Antall | F20: Stk pris | H20: Pris x.mva
B22: Sentralbordtjeneste | D22: februar | E22: 1 | F22: 920 | H22: =E22*F22 -> 920
B23: Anrop over 20 | E23: 0 | F23: 46 | H23: =E23*F23 -> 0
B32: Tekst på faktura:
B39: Sum til fakturering kunde eks.mva | H39: =SUM(H22:H38) -> 920

Sheet Adv Olga Halvorsen
B2: FAKTURAGRUNNLAG SVARTJENESTE
B4: Kunde | C4: Advokat Olga Halvorsen | F4: Saksbehandler: | G4: Geir
B5: Kunde nr
C6: 985335249 | F6: Dato: | G6: =Felles!C2 -> 46265
B8: Kunden referanse
B9: Navn | F9: Etablert: | G9: Jan 2015
B10: Bestillingsnr/merknad:
B12: Vår referanse: | C12: Geir Bodin | F12: Avtale: | G12: tabell 0-99 | N12: 2026
I13: Vol fra | J13: Vol til | N13: Pris
B15: Kreditt tid (std. 10 dager) | C15: Netto 10 dager | I15: 1 | J15: 99 | N15: 2960
B16: Kreditt tid (avvikende) | I16: 100 | J16: 149 | N16: 3580
I17: 150 | J17: 199 | N17: 4090
I18: 200 | J18: 249 | N18: 4670
I19: 250 | J19: 299 | N19: 5760
B20: Leveranse betegnelse | D20: Måned | E20: Antall | F20: Stk pris | H20: Pris x.mva | I20: 300 | J20: 349 | N20: 6830
I21: 350 | J21: 399 | N21: 7920
B22: Sentralbord | D22: Februar | E22: 1 | F22: 2960 | H22: =E22*F22 -> 2960 | I22: 400 | J22: 449 | N22: 8980
I23: 450 | J23: 499 | N23: 10080
I24: 500 | J24: 549 | N24: 11150
I25: 550 | J25: 599 | N25: 12200
I26: 600 | J26: 649 | N26: 13260
I27: 650 | J27: 699 | N27: 14360
I28: 700 | J28: 749 | N28: 15430
I29: 750 | J29: 799 | N29: 16530
I30: 800 | J30: 849 | N30: 17590
I31: 850 | J31: 899 | N31: 18680
B32: Tekst på faktura: | I32: 900 | J32: 949 | N32: 19750
I33: 950 | J33: 999 | N33: 20820
I34: 1000 | J34: 1099 | N34: 23000
I35: 1100 | J35: 1199 | N35: 24100
I36: 1200 | J36: 1299 | N36: 26260
I37: 1300 | J37: 1399 | N37: 28400
I38: 1400 | J38: 1499 | N38: 30240
B39: Sum til fakturering kunde eks.mva | H39: =SUM(H22:H38) -> 2960 | I39: 1500 | J39: 1599 | N39: 32710
I40: 1600 | J40: 1699 | N40: 34890
I41: 1700 | J41: 1799 | N41: 37060
I42: 1800 | J42: 1899 | N42: 39200
I43: 1900 | J43: 1999 | N43: 41380
I44: 2000 | J44: 2099 | N44: 43500
I45: 2100 | J45: 2199 | N45: 45650
I46: 2200 | J46: 2299 | N46: 47850
I47: 2300 | J47: 2399 | N47: 49980
I48: 2400 | J48: 2499 | N48: 52160

Sheet Adv Sandra
B2: FAKTURAGRUNNLAG SVARTJENESTE
B4: Kunde | C4: Advokat Sandra Latotinaite | F4: Saksbehandler: | G4: Geir
C5: (Moneyback )
B6: Kunde nr | C6: 32518 | F6: Dato: | G6: =Felles!C2 -> 46265
B8: Kunden referanse
B9: Navn | F9: Etablert: | G9: Feb 2015
B10: Bestillingsnr/merknad: | F10: Avsluttet | G10: 42948
B12: Vår referanse: | C12: Geir Bodin | F12: Avtale: | G12: tabell 0-99 | N12: 2026
I13: Vol fra | J13: Vol til | N13: Pris
B15: Kreditt tid (std. 10 dager) | C15: Netto 10 dager | F15: Av og på kunde | I15: 1 | J15: 99 | N15: 2960
B16: Kreditt tid (avvikende) | I16: 100 | J16: 149 | N16: 3580
I17: 150 | J17: 199 | N17: 4090
I18: 200 | J18: 249 | N18: 4670
I19: 250 | J19: 299 | N19: 5760
B20: Leveranse betegnelse | E20: Antall | F20: Stk pris | H20: Pris x.mva | I20: 300 | J20: 349 | N20: 6830
I21: 350 | J21: 399 | N21: 7920
B22: Sentralbordtjeneste | D22: =Felles!C4 -> August | E22: 1 | F22: 2960 | H22: =E22*F22 -> 2960 | I22: 400 | J22: 449 | N22: 8980
I23: 450 | J23: 499 | N23: 10080
I24: 500 | J24: 549 | N24: 11150
I25: 550 | J25: 599 | N25: 12200
I26: 600 | J26: 649 | N26: 13260
I27: 650 | J27: 699 | N27: 14360
I28: 700 | J28: 749 | N28: 15430
I29: 750 | J29: 799 | N29: 16530
I30: 800 | J30: 849 | N30: 17590
I31: 850 | J31: 899 | N31: 18680
B32: Tekst på faktura: | I32: 900 | J32: 949 | N32: 19750
I33: 950 | J33: 999 | N33: 20820
I34: 1000 | J34: 1099 | N34: 23000
I35: 1100 | J35: 1199 | N35: 24100
I36: 1200 | J36: 1299 | N36: 26260
I37: 1300 | J37: 1399 | N37: 28400
I38: 1400 | J38: 1499 | N38: 30240
B39: Sum til fakturering kunde eks.mva | H39: =SUM(H22:H38) -> 2960 | I39: 1500 | J39: 1599 | N39: 32710
I40: 1600 | J40: 1699 | N40: 34890
I41: 1700 | J41: 1799 | N41: 37060
I42: 1800 | J42: 1899 | N42: 39200
I43: 1900 | J43: 1999 | N43: 41380
I44: 2000 | J44: 2099 | N44: 43500
I45: 2100 | J45: 2199 | N45: 45650
I46: 2200 | J46: 2299 | N46: 47850
I47: 2300 | J47: 2399 | N47: 49980
I48: 2400 | J48: 2499 | N48: 52160

Sheet Ahlberg data
B2: FAKTURAGRUNNLAG SVARTJENESTE
B4: Kunde | C4: PC Vennen (Ahlberg data) | F4: Saksbehandler:
B9: Kunde nr | C9: 32942
F10: Dato: | G10: =Felles!C2 -> 46265
B12: Kunden referanse | C12: G.Skallerud | F12: Oppstart: aug 2022
B13: Navn
B14: Bestillingsnr/merknad:
F15: Egen prismodell | H15: Ny 2024 | I15: Ny 2025 | J15: Ny 2026
B16: Vår referanse: | C16: Geir Bodin | F16: 0-99 | G16: 3035 | H16: 3310 | I16: 3390 | J16: 3490
F17: Anrop over 99 | G17: 30 | H17: 30 | I17: 31 | J17: 32
B19: Kreditt tid (std. 10 dager) | C19: Netto 10 dager
B20: Kreditt tid (avvikende)
B24: Leveranse betegnelse | E24: Antall | F24: Stk pris | H24: Pris x.mva
B26: Svartjeneste | D26: Februar | E26: 1 | F26: 3490 | H26: =E26*F26 -> 3490
B27: Anrop over 99 | E27: 0 | F27: 32 | H27: =E27*F27 -> 0
B32: Tekst på faktura:
B39: Sum til fakturering kunde eks.mva | H39: =SUM(H26:H38) -> 3490

Sheet Alivia Sagt opp
B2: FAKTURAGRUNNLAG SVARTJENESTE
B4: Kunde | C4: Alivia Insurance AB | F4: Saksbehandler: | G4: Geir
B5: Kunde nr | C5: 33111
F6: Dato: | G6: =Felles!C2 -> 46265
B8: Kunden referanse
B9: Navn | C9: Jonathan Furst | F9: Ny kunde: mars 2023
B10: Bestillingsnr/merknad: | F10: Sagt opp 20/3-25 -1 mnd siste faktura i april.
F11: Tabell: 0-99
B12: Vår referanse: | C12: Geir Bodin
F13: Back up tjeneste/sikkerhet
B15: Kreditt tid (std. 10 dager) | C15: 10 dager
B16: Kreditt tid (avvikende) | C16: _______ dager | F16: Anorp "0"
B20: Leveranse betegnelse | E20: Antall | F20: Stk pris | H20: Pris x.mva
B22: Svartjeneste | D22: =Felles!C4 -> August | E22: 0 | F22: 2500 | H22: =E22*F22 -> 0
B31: Sum til fakturering kunde eks.mva | H31: =SUM(H22:H30) -> 0

Sheet Allskog
B2: FAKTURAGRUNNLAG SVARTJENESTE
B4: Kunde | C4: Allskog | F4: Saksbehandler:
B9: Kunde nr | C9: 32498
F10: Dato: | G10: =Felles!C2 -> 46265
B12: Kunden referanse | F12: Etablert: desember 2014 | J12: Egen tabell | K12: 0-99 | L12: 2930
B13: Navn | K13: 100-149 | L13: 3340
B14: Bestillingsnr/merknad: | K14: 150-199 | L14: 3550
F15: Kjetil legger loggen i mappen: | K15: 200-249 | L15: 3870
B16: Vår referanse: | C16: Geir Bodin | F16: C:\Users\hei\We4you AS\We4you - Internt Sharepoint\statistikk\2025 | K16: 250-299 | L16: 4620
K17: 300-349 | L17: 5490
F18: Statistikk og loggen sendes: | K18: 350-399 | L18: 6360
B19: Kreditt tid (std. 10 dager) | C19: Netto 10 dager | F19: Ellen.Govatsmark@allskog.no og karin.hokstad@allskog.no | K19: 400-449 | L19: 7230
B20: Kreditt tid (avvikende) | K20: 450-499 | L20: 8090
F21: EHF - referanse | K21: 500-549 | L21: 8950
K22: 550-599 | L22: 9820
K23: 600-649 | L23: 10670
B24: NY PRIS MARS 2026 Kr 15.000,- inkl statistikk | K24: 650-699 | L24: 11540
K25: 700-749 | L25: 12400
K26: 750-799 | L26: 13280
K27: 800-849 | L27: 14130
K28: 850-899 | L28: 15000
K29: 900-949 | L29: 15870
B30: Allskog skal ha en egen månedsstatistikk over opptellingen av vår egne registreringer. | K30: 950-999 | L30: 16740
B31: Kjetil tar ut en månedsoversikt i excel. Denne sorteres på dato og aktivitet. Antallet telles opp manuelt og føres manuelt inn i egen logg for allskog!
B32: Det sendes en epost til Allskog som inneholder begge statistikkene fra zisson+vår egenproduserte statistikk for siste måned.
G33: Totalt | H33: 15000
D37: aug | E37: sep | F37: des | G37: jan | H37: feb
B38: allskog | C38: 188 | D38: 295 | E38: 257 | F38: 267 | G38: 426 | H38: 432
B39: Allskog tilbake | C39: 14 | D39: 37 | E39: 33 | F39: 13 | G39: 36 | H39: 19
C40: =SUM(C38:C39) -> 202 | D40: =SUM(D38:D39) -> 332 | E40: =SUM(E38:E39) -> 290 | F40: =SUM(F38:F39) -> 280 | G40: =SUM(G38:G39) -> 462 | H40: =SUM(H38:H39) -> 451
C42: mars | D42: april | E42: mai | G42: Juli | H42: August
B43: allskog | C43: 484 | D43: 485 | E43: 351 | G43: 225 | H43: 281
B44: alskog tilbak | C44: 24 | D44: 19 | E44: 22 | G44: 30 | H44: 27
C45: =SUM(C43:C44) -> 508 | D45: =SUM(D43:D44) -> 504 | E45: =SUM(E43:E44) -> 373 | G45: =SUM(G43:G44) -> 255 | H45: =SUM(H43:H44) -> 308
C48: Sept | D48: Okt | E48: Nov | F48: des
B49: allskog | C49: 369 | D49: 380 | E49: 270
B50: allskog tilbak | C50: 27 | D50: 66 | E50: 30
C52: =SUM(C49:C50) -> 396 | D52: =SUM(D49:D50) -> 446 | E52: =SUM(E49:E50) -> 300 | F52: =SUM(F49:F50) -> 0 | G52: =SUM(G49:G50) -> 0 | H52: =SUM(H49:H50) -> 0
A54: 2026 | C54: Jan | D54: Feb | E54: Mars | F54: April | G54: Mai | H54: Juni | I54: Juli | J54: August
B55: Allskog | C55: 562 | D55: 477 | E55: 712 | F55: 472 | G55: 364 | H55: 405 | I55: 254 | J55: 394
B56: Allskog tilb. | C56: 35 | D56: 33 | E56: 33 | F56: 32 | G56: 34 | H56: 25 | I56: 24 | J56: 36
B58: Sum: | C58: =SUM(C55+C56) -> 597 | D58: =SUM(D55+D56) -> 510 | E58: =SUM(E55+E56) -> 745 | F58: =SUM(F55+F56) -> 504 | G58: =SUM(G55+G56) -> 398 | H58: =SUM(H55+H56) -> 430 | I58: =SUM(I55+I56) -> 278

Sheet Meavia - Bekkestuapsyk
B2: FAKTURAGRUNNLAG SVARTJENESTE
B4: Kunde | C4: Meavia AS/Bekkestua psykologen | F4: Saksbehandler: | G4: Geir
B5: Kunde nr
F6: Dato: | G6: =Felles!C2 -> 46265
B8: Kunden referanse
B9: Navn | C9: Elisabeth Gislerud | F9: Etablert juli 2018
B10: Bestillingsnr/merknad:
B12: Vår referanse: | C12: Geir Bodin | F12: Egen prisliste (endret oktober 2018)
F14: Grunnpris: | G14: 1380,- (inntil 49 anrop)
B15: Kreditt tid (std. 10 dager) | C15: Netto 10 dager | F15: Anrop > 49 | G15: 36 pr anrop
B16: Kreditt tid (avvikende) | F16: Økning 2020 (3%)
F17: Grunnpris: | G17: 1420 (inntil 49 anrop)
F18: Anrop > 49 | G18: 37 pr anrop
F20: Endret anropspris 2026 til 42 (fra 40,-)
B22: Leveranse betegnelse | E22: Antall | F22: Stk pris | H22: Pris x.mva
B24: Sentralbortjeneste fast | E24: 1 | F24: 199 | H24: =E24*F24 -> 199
B25: Besvarte anrop | E25: 9 | F25: 42 | H25: =E25*F25 -> 378
F26: ,
B27: NB! Betaling pr anrop fra desember 2020
B30: Tekst på faktura:
B37: Sum til fakturering kunde eks.mva | H37: =SUM(H24:H36) -> 577

Sheet Bodyfly
B3: FAKTURAGRUNNLAG SVARTJENESTE
B5: Kunde | C5: Bodyfly Frogner | F5: Saksbehandler: | G5: Geir
B6: Kunde nr | C6: 35526
F7: Dato: | G7: =Felles!C2 -> 46265
B9: Kunden referanse | F9: Avtale oppstart: april/2015
B10: Navn | C10: Rosa Karlsen
B11: Bestillingsnr/merknad: | F11: Grunnpris | G11: 1600 | H11: måned
F12: Variabel | G12: 33 | H12: pr anrop over 99 anrop
B13: Vår referanse: | C13: Geir Bodin
F14: Ny modell fra 2023_ 1600/
B16: Kreditt tid (std. 10 dager) | C16: Netto 10 dager
B17: Kreditt tid (avvikende)
F18: NB Efaktura + statistikk på epost
B21: Leveranse betegnelse | E21: Antall | F21: Stk pris | H21: Pris x.mva
B23: Sentralbordtjeneste | D23: =Felles!C4 -> August | E23: 1 | F23: 1600 | H23: =E23*F23 -> 1600
B24: Tillegg ordre | E24: 0 | F24: 0 | H24: =E24*F24 -> 0
B26: Statistikk til : post@bodyflyfrogner.no
B29: Tekst på faktura:
B36: Sum til fakturering kunde eks.mva | H36: =SUM(H23:H35) -> 1600

Sheet Caverion
B2: FAKTURAGRUNNLAG SVARTJENESTE
B4: Kunde | C4: Caverion Norge AS | F4: Saksbehandler:
B9: Kunde nr | C9: 32952
F10: Dato: | G10: =Felles!C2 -> 46265
B12: Kunden referanse | F12: Oppstart: Mai 2020
B13: Navn | C13: Linda Hertaas
B14: Bestillingsnr/merknad: | C14: 19926600
F15: Egen tabell | G15: se under
B16: Vår referanse: | C16: Geir Bodin
B19: Kreditt tid (std. 10 dager) | C19: Netto 60 dager
B20: Kreditt tid (avvikende)
B24: Leveranse betegnelse | E24: Antall | F24: Stk pris | H24: Pris x.mva
B26: Svartjeneste | C26: =Felles!C4 -> August | D26: inntil 349 anrop | E26: 1 | F26: 5315 | G26: 1 | H26: =SUM(F26)*G26 -> 5315
B27: Anrop > 599 | E27: 0 | F27: 18 | H27: =SUM(E27)*F27 -> 0
B29: Statistikk til: vivian.erster@caverion.com og Lisa.Johansson@caverion.com
B34: Sum til fakturering kunde eks.mva | H34: =SUM(H26:H33) -> 5315
B39: Caverion pristabell | E39: Husk pristabell sendes til Lisa årlig
B40: -indeksregulert
J41: 0.032
C42: 2020 | D42: 2021 | E42: 2022 | F42: 2023 | G42: 2024 | H42: 2025 | I42: 2026
A43: Tabell | B43: 0-99 | C43: 2360 | D43: 2410 | E43: 2490 | F43: 2610 | G43: 2740 | H43: 2795 | I43: 2885
B44: 100-149 | C44: 2700 | D44: 2750 | E44: 2850 | F44: 2990 | G44: 3140 | H44: 3200 | I44: 3303
B45: 150-199 | C45: 3070 | D45: 3130 | E45: 3240 | F45: 3400 | G45: 3570 | H45: 3640 | I45: 3756
B46: 200-249 | C46: 3510 | D46: 3580 | E46: 3710 | F46: 3900 | G46: 4100 | H46: 4180 | I46: 4314
B47: 250-299 | C47: 4330 | D47: 4420 | E47: 4580 | F47: 4810 | G47: 5050 | H47: 5150 | I47: 5315
B48: 300-349 | C48: 5131 | D48: 5230 | E48: 5410 | F48: 5680 | G48: 5960 | H48: 6080 | I48: 6275
B49: 350-399 | C49: 5960 | D49: 6080 | E49: 6290 | F49: 6610 | G49: 6940 | H49: 7080 | I49: 7306
B50: 400-449 | C50: 6760 | D50: 6900 | E50: 7140 | F50: 7520 | G50: 7890 | H50: 8050 | I50: 8308
B51: 450-499 | C51: 7580 | D51: 7730 | E51: 8000 | F51: 8400 | G51: 8820 | H51: 8990 | I51: 9278
B52: 500-549 | C52: 8390 | D52: 8560 | E52: 8860 | F52: 9300 | G52: 9870 | H52: 10070 | I52: 10392
B53: 550-599 | C53: 9190 | D53: 9370 | E53: 9690 | F53: 10170 | G53: 10670 | H53: 10880 | I53: 11228
B54: Tillegg over
B55: >599 | C55: 14,- | D55: 14,- | E55: 15,- | F55: 16.- | G55: 16,- | H55: 17 | I55: 18

Sheet Calpro
B2: FAKTURAGRUNNLAG SVARTJENESTE
B4: Kunde | C4: Calpro AS | F4: Saksbehandler:
B9: Kunde nr | C9: 31896
F10: Dato: | G10: =Felles!C2 -> 46265
B12: Kunden referanse | F12: Oppstart: 12.12.2011
B13: Navn | C13: Kris Sikorski
B14: Bestillingsnr/merknad:
F15: Tabell
B16: Vår referanse: | C16: Geir Bodin
F17: Endret til 0-99 fra jan 2019
B19: Kreditt tid (std. 10 dager) | C19: Netto 10 dager | F19: Ny epost adresse fra 1 nov 2022
B20: Kreditt tid (avvikende)
B24: Leveranse betegnelse | E24: Antall | F24: Stk pris | H24: Pris x.mva | O24: 2026
J25: Vol fra | K25: Vol til | O25: Pris
B26: Svartjeneste | D26: =Felles!C4 -> August | E26: 1 | F26: 2960 | G26: 1 | H26: =SUM(F26)*G26 -> 2960
J27: 1 | K27: 99 | O27: 2960
B28: Statistikk: kris.sikorski@svarlifescience.com | J28: 100 | K28: 149 | O28: 3580
J29: 150 | K29: 199 | O29: 4090
J30: 200 | K30: 249 | O30: 4670
J31: 250 | K31: 299 | O31: 5760
B32: Tekst på faktura: | J32: 300 | K32: 349 | O32: 6830
J33: 350 | K33: 399 | O33: 7920
J34: 400 | K34: 449 | O34: 8980
J35: 450 | K35: 499 | O35: 10080
J36: 500 | K36: 549 | O36: 11150
J37: 550 | K37: 599 | O37: 12200
J38: 600 | K38: 649 | O38: 13260
B39: Sum til fakturering kunde eks.mva | H39: =SUM(H26:H38) -> 2960 | J39: 650 | K39: 699 | O39: 14360
J40: 700 | K40: 749 | O40: 15430
J41: 750 | K41: 799 | O41: 16530
J42: 800 | K42: 849 | O42: 17590
J43: 850 | K43: 899 | O43: 18680
J44: 900 | K44: 949 | O44: 19750
J45: 950 | K45: 999 | O45: 20820
J46: 1000 | K46: 1099 | O46: 23000
J47: 1100 | K47: 1199 | O47: 24100
J48: 1200 | K48: 1299 | O48: 26260
J49: 1300 | K49: 1399 | O49: 28400
J50: 1400 | K50: 1499 | O50: 30240
J51: 1500 | K51: 1599 | O51: 32710
... J60: 2400 | K60: 2499 | O60: 52160

Sheet Constuction Equipment Group
A3: FAKTURAGRUNNLAG SVARTJENESTE
A5: Kunde | B5: CEG Norway | E5: Saksbehandler: | F5: Geir
A6: Kunde nr | B6: 33192
E7: Dato: | F7: 45962
A9: Kunden referanse | E9: Avtale oppstart: nov 2025
A10: Navn | B10: Tor Kjetilson Moe
A11: Bestillingsnr/merknad: | E11: Grunnpris | G11: måned
E12: Variabel
A13: Vår referanse: | B13: Geir Bodin
A16: Kreditt tid (std. 10 dager) | B16: Netto 10 dager
A17: Kreditt tid (avvikende) | E17: Endret til tabell 0-99
E18: NB EHF faktura + statistikk på epost
A21: Leveranse betegnelse | D21: Antall | E21: Stk pris | G21: Pris x.mva | I21: Volum (antall samtaler) | J21: Pris (NOK)
I22: 0 – 69 | J22: 1500
A23: Sentralbordtjeneste | C23: 70-89 anrop | D23: 1 | E23: 1500 | G23: =D23*E23 -> 1500 | I23: 70 – 89 | J23: 2280
I24: 90 – 109 | J24: 2870
I25: 110 – 129 | J25: 3260
A26: Statistikk til : tkm@cegroup.no | I26: 130 – 149 | J26: 3450
I27: 150 – 169 | J27: 3810
I28: 170 – 189 | J28: 4020
A29: Tekst på faktura: | I29: 190 – 209 | J29: 4260
I30: 210 – 229 | J30: 4490
I31: 230 – 249 | J31: 4860
I32: 250 – 269 | J32: 5280
I33: 270 – 289 | J33: 5690
I34: 290 – 309 | J34: 6100
I35: 310 – 329 | J35: 6520
A36: Sum til fakturering kunde eks.mva | G36: =SUM(G23:G35) -> 1500 | I36: 330 – 349 | J36: 6940
I37: 350 – 369 | J37: 7370
A38: Pristabell 2025 | I38: 370 – 389 | J38: 7790
B39: Anrop | C39: pris | I39: 390 – 409 | J39: 8200
B40: 0-69 | C40: 1500 | I40: 410 – 429 | J40: 8610
B41: 70-89 | C41: 2280 | I41: 430 – 449 | J41: 9020
B42: 90-109 | C42: 2870 | I42: 450 – 469 | J42: 9440
B43: 110-129 | C43: 3260 | I43: 470 – 489 | J43: 9860
B44: 130-149 | C44: 3450 | I44: 490 – 509 | J44: 10280
B45: 150-169 | C45: 3810 | I45: 510 – 529 | J45: 10700
B46: 170-189 | C46: 4020 | I46: 530 – 549 | J46: 11120
B47: 210-229 | C47: 4260 | I47: 550 – 569 | J47: 11530
B48: 230-249 | C48: 4490 | I48: 570 – 589 | J48: 11940
I49: 590 – 609 | J49: 12350
I50: 610 – 629 | J50: 12760
I51: 630 – 649 | J51: 13180
I52: 650 – 669 | J52: 13610
I53: 670 – 689 | J53: 14030
I54: 690 – 709 | J54: 14450
I55: 710 – 729 | J55: 14870
I56: 730 – 749 | J56: 15290
I57: 750 – 769 | J57: 15710
I58: 770 – 789 | J58: 16130
I59: 790 – 809 | J59: 16540
I60: 810 – 829 | J60: 16960
... I144: 2490 – 2499 | J144: 51540

Sheet Coromatic
A2: FAKTURAGRUNNLAG SVARTJENESTE
A4: Kunde | B4: Coromatic | E4: Saksbehandler: | F4: Geir
A5: Kunde nr | B5: 3232
E6: Dato: | F6: =Felles!C2 -> 46265
A8: Kunden referanse
A9: Navn | B9: Tone Sørensen
A10: Bestillingsnr/merknad: | B10: 990 | E10: NB! Huske ny adresse, Postboks 777, Kolbotn
E11: Alternativt epost: faktura@coromatic.no
A12: Vår referanse: | B12: Geir Bodin
A15: Kreditt tid (std. 10 dager) | B15: Netto 10 dager | E15: Oppstart: Test november, rullet vider desember
A16: Kreditt tid (avvikende) | E16: Første faktura, kjør hele desember
E17: Tabell 0-99
A20: Leveranse betegnelse | D20: Antall | E20: Stk pris | G20: Pris x.mva | N20: 2026
I21: Vol fra | J21: Vol til | N21: Pris
A22: Sentralbordtjeneste | C22: =Felles!C4 -> August | D22: 1 | E22: 3580 | G22: 3580
I23: 1 | J23: 99 | N23: 2960
I24: 100 | J24: 149 | N24: 3580
I25: 150 | J25: 199 | N25: 4090
I26: 200 | J26: 249 | N26: 4670
I27: 250 | J27: 299 | N27: 5760
I28: 300 | J28: 349 | N28: 6830
I29: 350 | J29: 399 | N29: 7920
I30: 400 | J30: 449 | N30: 8980
I31: 450 | J31: 499 | N31: 10080
I32: 500 | J32: 549 | N32: 11150
I33: 550 | J33: 599 | N33: 12200
I34: 600 | J34: 649 | N34: 13260
... I56: 2400 | J56: 2499 | N56: 52160

Sheet Dal Media
B2: FAKTURAGRUNNLAG SVARTJENESTE
B4: Kunde | C4: Dal Media (tidl.FX Norge og DMG) | F4: Saksbehandler: | G4: Geir
B5: Kunde nr | D5: 32912
F6: Dato: | G6: =Felles!C2 -> 46265
B8: Kunden referanse
B9: Navn | C9: Thomas Dalby | F9: Tabell | G9: 0-99
B10: Bestillingsnr/merknad:
F11: Faktura: | G11: PDF m/statistikk
B12: Vår referanse: | C12: Geir Bodin
B15: Kreditt tid (std. 10 dager) | C15: Netto 10 dager
B16: Kreditt tid (avvikende)
B20: Leveranse betegnelse | E20: Antall | F20: Stk pris | H20: Pris x.mva | O20: 2026
J21: Vol fra | K21: Vol til | O21: Pris
B22: Sentralbordtjeneste | D22: =Felles!C4 -> August | E22: 1 | F22: 4670 | H22: 4670
J23: 1 | K23: 99 | O23: 2960
B24: Tillegg TD Caravan og service | E24: 1 | F24: 199 | H24: =E24*F24 -> 199 | J24: 100 | K24: 149 | O24: 3580
J25: 150 | K25: 199 | O25: 4090
B26: Tillegg Saltando | E26: 1 | F26: 199 | H26: =E26*F26 -> 199 | J26: 200 | K26: 249 | O26: 4670
J27: 250 | K27: 299 | O27: 5760
B28: Tillegg Victoria | E28: 1 | F28: 199 | H28: 199 | J28: 300 | K28: 349 | O28: 6830
J29: 350 | K29: 399 | O29: 7920
J30: 400 | K30: 449 | O30: 8980
J31: 450 | K31: 499 | O31: 10080
B32: Tekst på faktura: | J32: 500 | K32: 549 | O32: 11150
J33: 550 | K33: 599 | O33: 12200
J34: 600 | K34: 649 | O34: 13260
J35: 650 | K35: 699 | O35: 14360
J36: 700 | K36: 749 | O36: 15430
J37: 750 | K37: 799 | O37: 16530
J38: 800 | K38: 849 | O38: 17590
B39: Sum til fakturering kunde eks.mva | H39: =SUM(H22:H38) -> 5267 | J39: 850 | K39: 899 | O39: 18680
J40: 900 | K40: 949 | O40: 19750
C41: Jan | D41: Feb | E41: Mar | F41: Apr | G41: Mai | H41: Jun | J41: 950 | K41: 999 | O41: 20820
B42: DMG | C42: 78 | D42: 82 | E42: 93 | F42: 79 | G42: 99 | H42: 135 | J42: 1000 | K42: 1099 | O42: 23000
B43: TDC | C43: 2 | D43: 1 | E43: 3 | F43: 9 | G43: 29 | H43: 15 | J43: 1100 | K43: 1199 | O43: 24100
B44: Saltando | H44: 10 | J44: 1200 | K44: 1299 | O44: 26260
C45: =SUM(C42:C44) -> 80 | D45: =SUM(D42:D44) -> 83 | E45: =SUM(E42:E44) -> 96 | F45: =SUM(F42:F44) -> 88 | G45: =SUM(G42:G44) -> 128 | H45: =SUM(H42:H44) -> 160 | J45: 1300 | K45: 1399 | O45: 28400
J46: 1400 | K46: 1499 | O46: 30240
C47: jul | D47: aug | E47: sep | F47: okt | G47: nov | H47: des | J47: 1500 | K47: 1599 | O47: 32710
B48: DMG | C48: 54 | D48: 103 | E48: 76 | F48: 68 | G48: 85 | H48: 57 | J48: 1600 | K48: 1699 | O48: 34890
B49: TDC | C49: 14 | D49: 13 | E49: 12 | F49: 12 | G49: 2 | H49: 2 | J49: 1700 | K49: 1799 | O49: 37060
B50: Saltando | C50: 9 | D50: 14 | E50: 2 | F50: 2 | G50: 4 | H50: 0 | J50: 1800 | K50: 1899 | O50: 39200
C51: =SUM(C48:C50) -> 77 | D51: =SUM(D48:D50) -> 130 | E51: =SUM(E48:E50) -> 90 | F51: =SUM(F48:F50) -> 82 | G51: =SUM(G48:G50) -> 91 | H51: =SUM(H48:H50) -> 59 | J51: 1900 | K51: 1999 | O51: 41380
J52: 2000 | K52: 2099 | O52: 43500
C53: Jan | D53: Feb | E53: Mar | F53: Apr | G53: Mai | H53: Jun | J53: 2100 | K53: 2199 | O53: 45650
B54: DMG | C54: 66 | D54: 86 | E54: 66 | F54: 91 | G54: 87 | H54: 103 | J54: 2200 | K54: 2299 | O54: 47850
B55: TDC | C55: 1 | D55: 7 | E55: 9 | F55: 19 | G55: 22 | H55: 62 | J55: 2300 | K55: 2399 | O55: 49980
B56: Saltando | C56: 3 | D56: 6 | E56: 7 | F56: 5 | G56: 33 | H56: 38 | J56: 2400 | K56: 2499 | O56: 52160
C57: =SUM(C54:C56) -> 70 | D57: =SUM(D54:D56) -> 99 | E57: =SUM(E54:E56) -> 82 | F57: =SUM(F54:F56) -> 115 | G57: =SUM(G54:G56) -> 142 | H57: =SUM(H54:H56) -> 203
C59: jul | D59: aug | E59: sept | F59: okt | G59: nov | H59: des
B60: Dal media | C60: 56 | D60: 91 | E60: 97 | F60: 74 | G60: 73 | H60: 38
B61: TDC | C61: 28 | D61: 15 | E61: 7 | F61: 15 | G61: 7
B62: Saltando | C62: 18 | D62: 28 | E62: 13 | F62: 10 | G62: 9
C63: =SUM(C60:C62) -> 102 | D63: =SUM(D60:D62) -> 134 | E63: =SUM(E60:E62) -> 117 | F63: =SUM(F60:F62) -> 99 | G63: =SUM(G60:G62) -> 89
C65: jan | D65: feb | E65: mars | F65: april | G65: Mai | H65: Juli | I65: august | J65: september | K65: oktober | L65: November | M65: des
B66: Dal media | C66: 51 | D66: 60 | E66: 96 | F66: 51 | G66: 84 | H66: 24 | I66: 39 | J66: 33 | K66: 39 | L66: 58
B67: TDC | C67: 1 | D67: 4 | E67: 17 | F67: 21 | G67: 24 | H67: 42 | I67: 28 | J67: 26 | K67: 10 | L67: 6
B68: Saltando | C68: 10 | D68: 7 | E68: 6 | F68: 21 | G68: 26 | H68: 16 | I68: 40 | J68: 15 | K68: 15 | L68: 5
B69: Victoria | I69: 5 | J69: 11 | K69: 19 | L69: 15
C70: =SUM(C66:C68) -> 62 | D70: =SUM(D66:D68) -> 71 | E70: =SUM(E66:E68) -> 119 | F70: =SUM(F66:F68) -> 93 | G70: =SUM(G66:G68) -> 134 | H70: =SUM(H66:H68) -> 82 | I70: =SUM(I66:I69) -> 112 | J70: =SUM(J66:J69) -> 85 | K70: =SUM(K66:K69) -> 83 | L70: =SUM(L66:L69) -> 84
C72: jan | D72: feb | E72: mar | F72: apr | G72: mai | H72: juni | I72: juli | J72: aug | K72: sep | L72: okt | M72: nov | N72: des
A73: 2026 | B73: Dal media | C73: 49 | D73: 75 | E73: 103 | F73: 101 | G73: 115 | H73: 193 | I73: 84 | J73: 117
B74: TDC | C74: 9 | D74: 12 | E74: 23 | F74: 56 | G74: 46 | H74: 50 | I74: 35 | J74: 29
B75: Saltando | C75: 15 | D75: 13 | E75: 21 | F75: 30 | G75: 50 | H75: 48 | I75: 21 | J75: 45
B76: Victoria | C76: 17 | D76: 11 | E76: 25 | F76: 25 | G76: 14 | H76: 20 | I76: 12 | J76: 15
C77: =SUM(C73:C76) -> 90 | D77: =SUM(D73:D76) -> 111 | E77: =SUM(E73:E76) -> 172 | F77: =SUM(F73:F76) -> 212 | G77: =SUM(G73:G76) -> 225 | H77: =SUM(H73:H76) -> 311 | I77: =SUM(I73:I76) -> 152 | J77: =SUM(J73:J76) -> 206

Sheet Akkodis - Datarespons
B2: FAKTURAGRUNNLAG SVARTJENESTE
B4: Kunde | C4: Akkodis - Data Respons | F4: Saksbehandler: | G4: Geir Bodin
B9: Kunde nr
F10: Dato: | G10: =Felles!C2 -> 46265
B12: Kunden referanse
B13: Navn | C13: Karin Bråthen | F13: Etablert | G13: Sept 2016
B14: Bestillingsnr/merknad:
F15: Tall kunde | G15: 2960
B16: Vår referanse: | C16: Geir Bodin | F16: 0-99
B19: Kreditt tid (std. 10 dager) | C19: Netto 10 dager
B20: Kreditt tid (avvikende)
B24: Leveranse betegnelse | E24: Antall | F24: Stk pris | H24: Pris x.mva | O24: 2026
J25: Vol fra | K25: Vol til | O25: Pris
B26: Svartjeneste | E26: 1 | F26: 2960 | H26: =E26*F26 -> 2960
J27: 1 | K27: 99 | O27: 2960
J28: 100 | K28: 149 | O28: 3580
J29: 150 | K29: 199 | O29: 4090
J30: 200 | K30: 249 | O30: 4670
J31: 250 | K31: 299 | O31: 5760
B32: Tekst på faktura: | J32: 300 | K32: 349 | O32: 6830
J33: 350 | K33: 399 | O33: 7920
J34: 400 | K34: 449 | O34: 8980
J35: 450 | K35: 499 | O35: 10080
J36: 500 | K36: 549 | O36: 11150
J37: 550 | K37: 599 | O37: 12200
J38: 600 | K38: 649 | O38: 13260
B39: Sum til fakturering kunde eks.mva | H39: =SUM(H26:H38) -> 2960 | J39: 650 | K39: 699 | O39: 14360
J40: 700 | K40: 749 | O40: 15430
J41: 750 | K41: 799 | O41: 16530
J42: 800 | K42: 849 | O42: 17590
J43: 850 | K43: 899 | O43: 18680
J44: 900 | K44: 949 | O44: 19750
J45: 950 | K45: 999 | O45: 20820
J46: 1000 | K46: 1099 | O46: 23000
J47: 1100 | K47: 1199 | O47: 24100
J48: 1200 | K48: 1299 | O48: 26260
J49: 1300 | K49: 1399 | O49: 28400
J50: 1400 | K50: 1499 | O50: 30240
J51: 1500 | K51: 1599 | O51: 32710
... J60: 2400 | K60: 2499 | O60: 52160

Sheet Dental Sør
C3: Kunde | D3: Dental Sør | G3: Saksbehandler: | H3: Geir
C4: Kunde nr | D4: 32244
G5: Dato: | H5: 45987
C7: Kunden referanse
C8: Navn | D8: Aase Johnsen
C9: Bestillingsnr/merknad: | G9: Tabell
C11: Vår referanse: | D11: Geir Bodin
C14: Kreditt tid (std. 10 dager) | D14: Netto 10 dager | G14: Statistikk til:
C15: Kreditt tid (avvikende)
C19: Leveranse betegnelse | F19: Antall | G19: Stk pris | I19: Pris x.mva | K19: Volum (antall samtaler) | L19: Pris (NOK)
K20: 0 – 69 | L20: 1500
C21: Sentralbordtjeneste 0-69 anrop | F21: 1 | G21: 4860 | I21: =F21*G21 -> 4860 | K21: 70 – 89 | L21: 2280
K22: 90 – 109 | L22: 2870
K23: 110 – 129 | L23: 3260
K24: 130 – 149 | L24: 3450
K25: 150 – 169 | L25: 3810
K26: 170 – 189 | L26: 4020
K27: 190 – 209 | L27: 4260
K28: 210 – 229 | L28: 4490
K29: 230 – 249 | L29: 4860
K30: 250 – 269 | L30: 5280
K31: 270 – 289 | L31: 5690
K32: 290 – 309 | L32: 6100
K33: 310 – 329 | L33: 6520
... K35: 350 – 369 | L35: 7370
C36: Sum til fakturering kunde eks.mva | I36: =SUM(I21:I35) -> 4860 | K36: 370 – 389 | L36: 7790
K37: 390 – 409 | L37: 8200
K38: 410 – 429 | L38: 8610
K39: 430 – 449 | L39: 9020
K40: 450 – 469 | L40: 9440
K41: 470 – 489 | L41: 9860
K42: 490 – 509 | L42: 10280
K43: 510 – 529 | L43: 10700
K44: 530 – 549 | L44: 11120
K45: 550 – 569 | L45: 11530
K46: 570 – 589 | L46: 11940
K47: 590 – 609 | L47: 12350
K48: 610 – 629 | L48: 12760
... K142: 2490 – 2499 | L142: 51540

Sheet DomingoSagt opp
B2: FAKTURAGRUNNLAG SVARTJENESTE
B4: Kunde | C4: Domingo | F4: Saksbehandler: | G4: Geir Bodin
C5: organisasjonsnummer 934649206
B9: Kunde nr
F10: Dato: | G10: =Felles!C2 -> 46265
B12: Kunden referanse
B13: Navn | C13: Svein Bjarne Nesbø <svein@sogoshop.no> | F13: Etablert | G13: Mai 2025 | I13: Sagt opp avtale, skal ikke faktureres
B14: Bestillingsnr/merknad:
F15: Tall kunde
B16: Vår referanse: | C16: Geir Bodin | F16: 0-99
B19: Kreditt tid (std. 10 dager) | C19: Netto 10 dager
B20: Kreditt tid (avvikende)
B24: Leveranse betegnelse | E24: Antall | F24: Stk pris | H24: Pris x.mva
B26: Svartjeneste | D26: =Felles!C4 -> August | E26: 0 | F26: 3470 | H26: =E26*F26 -> 0
B32: Tekst på faktura:
B39: Sum til fakturering kunde eks.mva | H39: =SUM(H26:H38) -> 0

Sheet EFAS
B2: FAKTURAGRUNNLAG SVARTJENESTE
B4: Kunde | C4: Eurofusion AS | F4: Saksbehandler: | G4: Geir Bodin
C5: EFAS
F7: Dato: | G7: =Felles!C2 -> 46265
B9: Kunde nr
F10: Etablert | G10: 45231
B12: Kunden referanse | F12: Fast; 199,-abo pr mnd
B13: Navn | C13: Matz Sandberg
B14: Bestillingsnr/merknad: | F14: Volum | G14: 2024 | H14: 2025 | I14: 2026
F15: 0-30 | G15: 1260 | H15: 1290 | I15: 1330
B16: Vår referanse: | C16: Geir Bodin | F16: 31-40 | G16: 1450 | H16: 1490 | I16: 1540
F17: 41-50 | G17: 1670 | H17: 1720 | I17: 1780
F18: 51-60 | G18: 1860 | H18: 1920 | I18: 1980
B19: Kreditt tid (std. 10 dager) | C19: Netto 10 dager | F19: 61-70 | G19: 2080 | H19: 2140 | I19: 2200
B20: Kreditt tid (avvikende) | F20: 71-80 | G20: 2350 | H20: 2420 | I20: 2495
F21: 81-100 (?) | G21: 2680 | H21: 2760 | I21: 2850
B24: Leveranse betegnelse | E24: Antall | F24: Stk pris | H24: Pris x.mva
B26: Svartjeneste | D26: juni | E26: 1 | F26: 1330 | H26: =E26*F26 -> 1330
B32: Tekst på faktura:
B39: Sum til fakturering kunde eks.mva | H39: =SUM(H26:H38) -> 1330

Sheet Element
B2: FAKTURAGRUNNLAG SVARTJENESTE
B4: Kunde | C4: Element Logic AS | F4: Saksbehandler:
B9: Kunde nr | C9: ny
F10: Dato: | G10: =Felles!C2 -> 46265
B12: Kunden referanse
B13: Navn | C13: Rikke Aas | G13: Ny: des/2016
B14: Bestillingsnr/merknad:
G15: Tabell: 0-99
B16: Vår referanse: | C16: Geir Bodin
G17: Fakturer forskudd kvartal (jan/apr/jul/okt)
G18: Avregning volum kvartal
B19: Kreditt tid (std. 10 dager) | C19: Netto 10 dager | G19: 42826 | I19: NB!
B20: Kreditt tid (avvikende) | G20: 42917 | I20: Faktura i EHF
G21: 43009
G22: 42736
B24: Leveranse betegnelse | E24: Antall | F24: Stk pris | H24: Pris x.mva | P24: 2026
K25: Vol fra | L25: Vol til | P25: Pris
B26: Svartjeneste | D26: kvartal | E26: 3 | F26: 2960 | H26: =E26*F26 -> 8880
K27: 1 | L27: 99 | P27: 2960
K28: 100 | L28: 149 | P28: 3580
K29: 150 | L29: 199 | P29: 4090
K30: 200 | L30: 249 | P30: 4670
K31: 250 | L31: 299 | P31: 5760
B32: Tekst på faktura: | K32: 300 | L32: 349 | P32: 6830
K33: 350 | L33: 399 | P33: 7920
K34: 400 | L34: 449 | P34: 8980
K35: 450 | L35: 499 | P35: 10080
K36: 500 | L36: 549 | P36: 11150
K37: 550 | L37: 599 | P37: 12200
K38: 600 | L38: 649 | P38: 13260
B39: Sum til fakturering kunde eks.mva | H39: =SUM(H26:H38) -> 8880 | K39: 650 | L39: 699 | P39: 14360
K40: 700 | L40: 749 | P40: 15430
K41: 750 | L41: 799 | P41: 16530
B42: Jan | C42: 39 | K42: 800 | L42: 849 | P42: 17590
B43: Feb | C43: 67 | D43: 163 tlf , fakturert | K43: 850 | L43: 899 | P43: 18680
B44: Mars | C44: 57 | K44: 900 | L44: 949 | P44: 19750
B45: april | C45: 11 | K45: 950 | L45: 999 | P45: 20820
B46: Mai | C46: 56 | K46: 1000 | L46: 1099 | P46: 23000
B47: Juni | C47: 48 | K47: 1100 | L47: 1199 | P47: 24100
B48: Juli | K48: 1200 | L48: 1299 | P48: 26260
B49: August | C49: 46 | K49: 1300 | L49: 1399 | P49: 28400
K50: 1400 | L50: 1499 | P50: 30240
K51: 1500 | L51: 1599 | P51: 32710
K52: 1600 | L52: 1699 | P52: 34890
K53: 1700 | L53: 1799 | P53: 37060
K54: 1800 | L54: 1899 | P54: 39200
K55: 1900 | L55: 1999 | P55: 41380
K56: 2000 | L56: 2099 | P56: 43500
K57: 2100 | L57: 2199 | P57: 45650
K58: 2200 | L58: 2299 | P58: 47850
K59: 2300 | L59: 2399 | P59: 49980
K60: 2400 | L60: 2499 | P60: 52160

Sheet Element Log Sweden
B2: FAKTURAGRUNNLAG SVARTJENESTE
B4: Kunde | C4: Element Logic Sweden | F4: Saksbehandler:
B9: Kunde nr | C9: 32710
F10: Dato: | G10: =Felles!C2 -> 46265
B12: Kunden referanse | G12: Ny: mars 2017
B13: Navn
B14: Bestillingsnr/merknad: | G14: Tabell: 0-99
B16: Vår referanse: | C16: Geir Bodin | G16: Fakturer forskudd kvartal (mars-mai, juni-aug osv)
G17: Første gang 30 mars for mars, april, mai, deretter
G18: 42887
B19: Kreditt tid (std. 10 dager) | C19: Netto 10 dager | G19: 42979 | Q19: 2026
B20: Kreditt tid (avvikende) | G20: 43070 | H20: Fakturer: | L20: Vol fra | M20: Vol til | Q20: Pris
G21: 42795 | H21: Statistikk til:
L22: 1 | M22: 99 | Q22: 2960
L23: 100 | M23: 149 | Q23: 3580
B24: Leveranse betegnelse | E24: Antall | F24: Stk pris | H24: Pris x.mva | L24: 150 | M24: 199 | Q24: 4090
L25: 200 | M25: 249 | Q25: 4670
B26: Svartjeneste | D26: kvartal | E26: 3 | F26: 2960 | H26: =E26*F26 -> 8880 | I26: X MVA | L26: 250 | M26: 299 | Q26: 5760
L27: 300 | M27: 349 | Q27: 6830
B28: Element Logic Norge og Element Logic Sverige skal ha statistikk tilsendt i separate eposter for begge selskaper, | L28: 350 | M28: 399 | Q28: 7920
B29: Sendes til Tommy Nygren på epost: tommy.nygren@elementlogic.no | L29: 400 | M29: 449 | Q29: 8980
L30: 450 | M30: 499 | Q30: 10080
L31: 500 | M31: 549 | Q31: 11150
B32: Tekst på faktura: | L32: 550 | M32: 599 | Q32: 12200
L33: 600 | M33: 649 | Q33: 13260
L34: 650 | M34: 699 | Q34: 14360
L35: 700 | M35: 749 | Q35: 15430
L36: 750 | M36: 799 | Q36: 16530
L37: 800 | M37: 849 | Q37: 17590
L38: 850 | M38: 899 | Q38: 18680
B39: Sum til fakturering kunde eks.mva | H39: =SUM(H26:H38) -> 8880 | L39: 900 | M39: 949 | Q39: 19750
L40: 950 | M40: 999 | Q40: 20820
B41: Tilleggsopplysning | L41: 1000 | M41: 1099 | Q41: 23000
B42: Swift | C42: SPTRNO22 | L42: 1100 | M42: 1199 | Q42: 24100
B43: IBAN | C43: NO49 2291 1519 147 | L43: 1200 | M43: 1299 | Q43: 26260
L44: 1300 | M44: 1399 | Q44: 28400
B45: 2026 | L45: 1400 | M45: 1499 | Q45: 30240
B46: Jan | C46: 20 | L46: 1500 | M46: 1599 | Q46: 32710
B47: Feb | C47: 55 | L47: 1600 | M47: 1699 | Q47: 34890
B48: mars | C48: 33 | L48: 1700 | M48: 1799 | Q48: 37060
B49: april | C49: 36 | L49: 1800 | M49: 1899 | Q49: 39200
B50: mai | C50: 53 | L50: 1900 | M50: 1999 | Q50: 41380
B51: juni | C51: 40 | L51: 2000 | M51: 2099 | Q51: 43500
B52: juli | L52: 2100 | M52: 2199 | Q52: 45650
B53: august | C53: 0 | L53: 2200 | M53: 2299 | Q53: 47850
L54: 2300 | M54: 2399 | Q54: 49980
L55: 2400 | M55: 2499 | Q55: 52160

Sheet ENRX
B2: FAKTURAGRUNNLAG SVARTJENESTE
B4: Kunde | C4: ENRX AS | F4: Saksbehandler: | G4: Geir Bodin
B6: Org nr 930 400 580
B9: Kunde nr | C9: 33150
F10: Dato: | G10: =Felles!C2 -> 46265
B12: Kunden referanse
B13: Navn | F13: Etablert | G13: 45413
B14: Bestillingsnr/merknad:
C15: Sentralbord/HR | F15: Egent tabell | H15: Prisendring 2026
F16: 0-99 | G16: 2500 | H16: 2580
B17: Vår referanse: | C17: Geir Bodin | F17: 100-149 | G17: 3000 | H17: 3100
F18: 150-199 | G18: 3500 | H18: 3600
B19: Kreditt tid (std. 10 dager) | C19: Netto 10 dager | F19: 200-249 | G19: 4000 | H19: 4150
B20: Kreditt tid (avvikende) | F20: 250-299 | G20: 4500 | H20: 4640
F21: Over 299: | G21: 30 | H21: 32
F22: Husk engelsk tekst på faktura
B24: Leveranse betegnelse | E24: Antall | F24: Stk pris | H24: Pris x.mva
B26: Svartjeneste | E26: 1 | F26: 2580 | H26: =F26 -> 2580
F27: lan
B32: Tekst på faktura:
B39: Sum til fakturering kunde eks.mva | H39: =SUM(H26:H38) -> 2580

Sheet Enova
B2: FAKTURAGRUNNLAG SVARTJENESTE
B4: Kunde | C4: Enova Trondheim (COMPASS) | F4: Saksbehandler: | G4: Geir Bodin
B6: Org nr
B9: Kunde nr
F10: Dato: | G10: =Felles!C2 -> 46265
B12: Kunden referanse
B13: Navn | F13: Etablert | G13: 45413 | H13: 2025
B14: Bestillingsnr/merknad:
C15: Sentralbord/HR | E15: Ny prismodell f.o.m. april
E16: Forskudd kvartal kr 4980,- | H16: 5140
B17: Vår referanse: | C17: Geir Bodin | E17: Inkl 200 samtaler.
E18: Eventuelle overskytende faktures
B19: Kreditt tid (std. 10 dager) | C19: Netto 10 dager | E19: etterskuddsvis på neste kvartal
B20: Kreditt tid (avvikende) | E20: kr 36 pr samtale. | H20: 36
E21: faktureres:
E22: april
E23: juli
E24: oktober
E25: januar
B30: Leveranse betegnelse | E30: Antall | F30: Stk pris | H30: Pris x.mva
B32: Svartjeneste | D32: =Felles!C4 -> August | E32: 1 | F32: 5140 | H32: =E32*F32 -> 5140
B38: Tekst på faktura:
B45: Sum til fakturering kunde eks.mva | H45: =SUM(H32:H44) -> 5140
A47: 2026
B48: Jan | C48: 45
B49: Feb | C49: 62
B50: mars
B51: april | C51: 39
B52: mai | C52: 56
B53: juni | C53: 75
B54: juli | C54: 28
B55: august | C55: 66

Sheet Festetrafikk
B2: FAKTURAGRUNNLAG SVARTJENESTE
B4: Kunde | C4: Feste trafikkskole AS | F4: Saksbehandler: | G4: Geir Bodin
B6: Org nr 919 470 356
B9: Kunde nr | C9: 35155
F10: Dato: | G10: =Felles!C2 -> 46265
B12: Kunden referanse
B13: Navn | C13: Beathe Andersen | F13: Etablert | G13: 2024-9
B14: Bestillingsnr/merknad:
F16: Årlig abnm. faktureres september: 2580,- | I16: Neste 01.09.26-30.08.27
B17: Vår referanse: | C17: Geir Bodin
F18: Ved bruk av oss
B19: Kreditt tid (std. 10 dager) | C19: Netto 10 dager | F19: -Daglig pr. dag 380,-
B20: Kreditt tid (avvikende) | F20: -Ukentlig bruk(f.eks. ferie) 1490,-
F21: -Generert rapporter pris pr uke: 210.-
B24: Leveranse betegnelse | E24: Antall | F24: Stk pris | H24: Pris x.mva
B26: Svartjeneste dag | E26: 2 | F26: 380 | H26: =E26*F26 -> 760
B27: alt. Svartjeneste uke | E27: 0 | F27: 1490 | H27: =E27*F27 -> 0
B28: Rapport ukentlig | E28: 1 | F28: 210 | H28: =E28*F28 -> 210
B32: Tekst på faktura:
B39: Sum til fakturering kunde eks.mva | H39: =SUM(H26:H38) -> 970
B41: Statistikk | C41: Besv.anrop

Sheet FirstMovergroup-Totalreform
B2: FAKTURAGRUNNLAG SVARTJENESTE
B4: Kunde | C4: First Mover Group | F4: Saksbehandler:
B5: Kunde nr | C5: 32706
F6: Dato: | G6: =Felles!C2 -> 46265
B8: Kunden referanse
B9: Navn | C9: Fredrik Wessel | H9: Prisendring 2025?
B10: Bestillingsnr/merknad: | C10: Prosjekt 9530 | F10: 42767
F11: Tabell 0-99
B12: Vår referanse: | C12: Geir Bodin
F13: Faktureres EHF
B15: Kreditt tid (std. 10 dager) | C15: Netto 10 dager
B16: Kreditt tid (avvikende)
B20: Leveranse betegnelse | E20: Antall | F20: Stk pris | H20: Pris x.mva | J20: Pristabell sentralbordet gjeldende fra 01.01.-31.12.2026
O22: 2026
B23: Svartjeneste | E23: 1 | F23: 3580 | H23: =E23*F23 -> 3580 | J23: Vol fra | K23: Vol til | O23: Pris
B24: Ekstra tilknytning | E24: 1 | F24: 199 | H24: =E24*F24 -> 199
B25: Office 365 | E25: 1 | F25: 1240 | H25: =E25*F25 -> 1240 | J25: 1 | K25: 99 | O25: 2960
J26: 100 | K26: 149 | O26: 3580
J27: 150 | K27: 199 | O27: 4090
B28: Tekst på faktura: | J28: 200 | K28: 249 | O28: 4670
J29: 250 | K29: 299 | O29: 5760
J30: 300 | K30: 349 | O30: 6830
J31: 350 | K31: 399 | O31: 7920
B32: Statistikk til : heidi.eskerud@firstmovergroup.no | J32: 400 | K32: 449 | O32: 8980
J33: 450 | K33: 499 | O33: 10080
J34: 500 | K34: 549 | O34: 11150
B35: Sum til fakturering kunde eks.mva | H35: =SUM(H23:H34) -> 5019 | J35: 550 | K35: 599 | O35: 12200
J36: 600 | K36: 649 | O36: 13260
J37: 650 | K37: 699 | O37: 14360
J38: 700 | K38: 749 | O38: 15430
J39: 750 | K39: 799 | O39: 16530
J40: 800 | K40: 849 | O40: 17590
J41: 850 | K41: 899 | O41: 18680
J42: 900 | K42: 949 | O42: 19750
J43: 950 | K43: 999 | O43: 20820
J44: 1000 | K44: 1099 | O44: 23000
J45: 1100 | K45: 1199 | O45: 24100
J46: 1200 | K46: 1299 | O46: 26260
J47: 1300 | K47: 1399 | O47: 28400
... J58: 2400 | K58: 2499 | O58: 52160

Sheet Frano
A1: Fran
B3: FAKTURAGRUNNLAG SVARTJENESTE
B5: Kunde | C5: Frano | F5: Saksbehandler: | G5: Geir Bodin
B10: Kunde nr | C10: 33186
F11: Dato: | G11: 45962
B13: Kunden referanse
B14: Navn | C14: Liv Almenningen | F14: Oppstart: | G14: 45962
B15: Bestillingsnr/merknad: | C15: innkjøpsordre 336
B17: Vår referanse: | C17: Geir Bodin
F18: Fakturer EHF
B20: Kreditt tid (std. 10 dager) | C20: Netto 10 dager
B21: Kreditt tid (avvikende)
B25: Leveranse betegnelse | E25: Antall | F25: Stk pris | H25: Pris x.mva
B27: Fastpris for nr og statestikk | D27: =Felles!C5 -> 0 | E27: 1 | F27: 195 | H27: =E27*F27 -> 195
B28: Svartjeneste,antall anrop | E28: 10 | F28: 29 | H28: 290
B30: Statistikk til: lno@noah.no
B34: Tekst på faktura:
B41: Sum til fakturering kunde eks.mva | H41: =SUM(H27:H40) -> 485

Sheet Foma
B2: FAKTURAGRUNNLAG SVARTJENESTE
B4: Kunde | C4: Foma Norge AS | F4: Saksbehandler: | G4: Geir Bodin
B9: Kunde nr | C9: 32803
F10: Dato: | G10: =Felles!C2 -> 46265
B12: Kunden referanse | F12: Etablert: 30 april 2017
B13: Navn | C13: Øystein Gabrielsen
B14: Bestillingsnr/merknad:
F15: Tabell
B16: Vår referanse: | C16: Geir Bodin
B19: Kreditt tid (std. 10 dager) | C19: Netto 10 dager
B20: Kreditt tid (avvikende)
B24: Leveranse betegnelse | E24: Antall | F24: Stk pris | H24: Pris x.mva
J25: Pristabell sentralbordet gjeldende fra 01.01.-31.12.2026
B26: Grunnpris | E26: 1 | F26: 199 | H26: =E26*F26 -> 199
B27: Sentralbordtjeneste | E27: 1 | F27: 6830 | H27: 6830 | O27: 2026
J28: Vol fra | K28: Vol til | O28: Pris
J30: 1 | K30: 99 | O30: 2960
B31: Tekst på faktura: | J31: 100 | K31: 149 | O31: 3580
J32: 150 | K32: 199 | O32: 4090
J33: 200 | K33: 249 | O33: 4670
J34: 250 | K34: 299 | O34: 5760
J35: 300 | K35: 349 | O35: 6830
J36: 350 | K36: 399 | O36: 7920
J37: 400 | K37: 449 | O37: 8980
B38: Sum til fakturering kunde eks.mva | H38: =SUM(H26:H37) -> 7029 | J38: 450 | K38: 499 | O38: 10080
J39: 500 | K39: 549 | O39: 11150
J40: 550 | K40: 599 | O40: 12200
J41: 600 | K41: 649 | O41: 13260
J42: 650 | K42: 699 | O42: 14360
J43: 700 | K43: 749 | O43: 15430
J44: 750 | K44: 799 | O44: 16530
J45: 800 | K45: 849 | O45: 17590
J46: 850 | K46: 899 | O46: 18680
J47: 900 | K47: 949 | O47: 19750
J48: 950 | K48: 999 | O48: 20820
J49: 1000 | K49: 1099 | O49: 23000
J50: 1100 | K50: 1199 | O50: 24100
... J63: 2400 | K63: 2499 | O63: 52160

Sheet Funksjonell
B2: FAKTURAGRUNNLAG SVARTJENESTE
B4: Kunde | C4: Funksjonellmedisinsk Klinikk AS | F4: Saksbehandler: | G4: Geir Bodin
B6: Org nr 922183953
B9: Kunde nr | C9: 33156
F10: Dato: | G10: =Felles!C2 -> 46265
B12: Kunden referanse
B13: Navn | C13: Anders Folven | F13: Etablert | G13: 2024-9
B14: Bestillingsnr/merknad:
F15: Fastpris mnd: 840 | G15: 2025
F16: Inkl. 20: | G16: 840
B17: Vår referanse: | C17: Geir Bodin | F17: Pr anrop over | G17: 42
B19: Kreditt tid (std. 10 dager) | C19: Netto 10 dager
B20: Kreditt tid (avvikende)
B24: Leveranse betegnelse | E24: Antall | F24: Stk pris | H24: Pris x.mva
B26: Svartjeneneste inkl. 20 | D26: =Felles!C4 -> August | E26: 1 | F26: 840 | H26: =E26*F26 -> 840
B27: Pr anop over 20 | E27: 0 | F27: 42 | H27: =E27*F27 -> 0
B32: Tekst på faktura:
B39: Sum til fakturering kunde eks.mva | H39: =SUM(H26:H38) -> 840
B41: Statistikk
B42: 2026
B43: Januar | C43: 32

Sheet Sagt opp Funkweb
B2: FAKTURAGRUNNLAG SVARTJENESTE
B4: Kunde | C4: Funkweb Kompetanse | F4: Saksbehandler: | G4: Geir Bodin
C5: Trondheimsveien 184
C6: 0570 Oslo
B9: Kunde nr
F10: Dato: | G10: =Felles!C2 -> 46265
B12: Kunden referanse | F12: Endret fra Funkweb Aktiv den 27.08.2014
B13: Navn | F13: Sagt opp desember 2024, avsluttet mars 2025
B14: Bestillingsnr/merknad:
F15: 2019 | G15: 660/33
B16: Vår referanse: | C16: Geir Bodin | F16: 2020 | G16: 680/34
F17: 2021 | G17: 700/35
F18: 2022 | G18: 720/36
B19: Kreditt tid (std. 10 dager) | C19: Netto 10 dager | F19: 2023 | G19: 740/37
B20: Kreditt tid (avvikende)
B24: Leveranse betegnelse | E24: Antall | F24: Stk pris | H24: Pris x.mva
B26: Svartjeneste | D26: =Felles!C4 -> August | E26: 1 | F26: 760 | H26: =E26*F26 -> 760
B27: Anrop> 20 | E27: 0 | F27: 38 | H27: =E27*F27 -> 0
B29: 0
B32: Tekst på faktura:
B39: Sum til fakturering kunde eks.mva | H39: =SUM(H26:H38) -> 760

Sheet Fysiodirekte
B3: FAKTURAGRUNNLAG SVARTJENESTE
B5: Kunde | C5: Fysiodirekte | F5: Saksbehandler: | G5: Geir Bodin
B10: Kunde nr | C10: 32126
F11: Dato: | G11: =Felles!C2 -> 46265
B13: Kunden referanse | F13: Ny tabell kunde ok 2017
B14: Navn | C14: Magnhild Faleide Fristad
B15: Bestillingsnr/merknad:
B17: Vår referanse: | C17: Geir Bodin
F18: Fra Mars 2018, veksle mellom 760/20 og tabell
B20: Kreditt tid (std. 10 dager) | C20: Netto 10 dager | F20: Fra 2020, veksle mellom 780/38 og tabell
B21: Kreditt tid (avvikende)
B25: Leveranse betegnelse | E25: Antall | F25: Stk pris | H25: Pris x.mva
B27: Svartjeneste inkl. 20 anrop | D27: =Felles!C4 -> August | E27: 1 | F27: 805 | H27: =E27*F27 -> 805
B28: Svartjeneste | D28: =Felles!C5 -> 0 | E28: 0 | F28: 40 | H28: =E28*F28 -> 0
B33: Tekst på faktura:
B40: Sum til fakturering kunde eks.mva | H40: =SUM(H27:H39) -> 805

Sheet Gass-Pust
B2: FAKTURAGRUNNLAG SVARTJENESTE
B4: Kunde | C4: Gass og Pusteservice AS | F4: Saksbehandler: | G4: Geir
B5: Kunde nr | D5: 31510
F6: Dato: | G6: =Felles!C2 -> 46265
B8: Kunden referanse
B9: Navn | C9: Michael Hansson | F9: Tabell | G9: 0-99
B10: Bestillingsnr/merknad:
F11: Bedriftssvar
B12: Vår referanse: | C12: Geir Bodin
F14: NB bruk epost : faktura@gpsas.no
B15: Kreditt tid (std. 10 dager) | C15: Netto 10 dager
B16: Kreditt tid (avvikende)
B20: Leveranse betegnelse | E20: Antall | F20: Stk pris | H20: Pris x.mva | J20: Pristabell sentralbordet gjeldende fra 01.01.-31.12.2026
B22: Sentralbordtjeneste | D22: =Felles!C4 -> August | E22: 1 | F22: 2960 | H22: =E22*F22 -> 2960 | O22: 2026
B23: Fra oktober 2020 | J23: Vol fra | K23: Vol til | O23: Pris
B24: Utvidet åpningstid | E24: 1 | F24: 360 | H24: =E24*F24 -> 360
J25: 1 | K25: 99 | O25: 2960
B26: Statistikk til: michael@gpsas.no | J26: 100 | K26: 149 | O26: 3580
J27: 150 | K27: 199 | O27: 4090
J28: 200 | K28: 249 | O28: 4670
J29: 250 | K29: 299 | O29: 5760
J30: 300 | K30: 349 | O30: 6830
J31: 350 | K31: 399 | O31: 7920
B32: Tekst på faktura: | J32: 400 | K32: 449 | O32: 8980
J33: 450 | K33: 499 | O33: 10080
J34: 500 | K34: 549 | O34: 11150
J35: 550 | K35: 599 | O35: 12200
J36: 600 | K36: 649 | O36: 13260
J37: 650 | K37: 699 | O37: 14360
J38: 700 | K38: 749 | O38: 15430
B39: Sum til fakturering kunde eks.mva | H39: =SUM(H22:H38) -> 3320 | J39: 750 | K39: 799 | O39: 16530
J40: 800 | K40: 849 | O40: 17590
J41: 850 | K41: 899 | O41: 18680
J42: 900 | K42: 949 | O42: 19750
J43: 950 | K43: 999 | O43: 20820
J44: 1000 | K44: 1099 | O44: 23000
J45: 1100 | K45: 1199 | O45: 24100
J46: 1200 | K46: 1299 | O46: 26260
J47: 1300 | K47: 1399 | O47: 28400
J48: 1400 | K48: 1499 | O48: 30240
J49: 1500 | K49: 1599 | O49: 32710
J50: 1600 | K50: 1699 | O50: 34890
J51: 1700 | K51: 1799 | O51: 37060
... J58: 2400 | K58: 2499 | O58: 52160

Sheet Gulvfag
B2: FAKTURAGRUNNLAG SVARTJENESTE
B4: Kunde | C4: Gulvfag Norge AS | F4: Saksbehandler: | G4: Geir
B9: Kunde nr
F10: Dato: | G10: =Felles!C2 -> 46265
B12: Kunden referanse
B13: Navn | C13: Mads Esbersen | G13: Oppstart sep 2016
B14: Bestillingsnr/merknad:
B16: Vår referanse: | C16: Geir Bodin
B19: Kreditt tid (std. 10 dager) | C19: Netto 10 dager | G19: Pris står i 2017/nye priser 2018 | I19: ny pris i 2026
B20: Kreditt tid (avvikende)
G21: =52+93+36+26+8 -> 215
B24: Leveranse betegnelse | E24: Antall | F24: Stk pris | H24: Pris x.mva
B28: Sentralbordtjeneste tabell | E28: 1 | F28: 700 | H28: =SUM(E28*F28) -> 700 | J28: 700 inntil 20 besvarte anrop + 36 pr anrop mer enn 20
B29: Abnm Nye Gulv Norge | E29: 1 | F29: 139 | H29: =E29*F29 -> 139
B30: Abnm Adler Parkettsliperi | E30: 1 | F30: 139 | H30: =E30*F30 -> 139
B31: Abnm Hytteguttene | E31: 1 | F31: 139 | H31: =E31*F31 -> 139
B32: Anrop mellom 21 - 69 | E32: 26 | F32: 36 | H32: =E32*F32 -> 936
H33: =SUM(H28:H32) -> 2053
B38: Tekst på faktura:
B45: Sum til fakturering kunde eks.mva | H45: =SUM(H28:H44) -> 4106
B47: Jan | C47: Feb | D47: mars | E47: april | F47: mai | G47: Juni | H47: Juli | I47: aug | J47: sept | K47: okt | L47: November | M47: Desember
A48: 2025 | B48: =39+0+11+26 -> 76 | C48: =16+15+27+0 -> 58 | E48: =10+0+31+36 -> 77 | F48: =SUM(F49:F51) -> 71 | G48: 29 | H48: 27 | I48: 27 | J48: 13 | K48: 45 | L48: 36
A49: Gulvfag | F49: 25 | G49: 1 | H49: 2 | I49: 3 | J49: 1 | K49: 1 | L49: 0
A50: Nye Gulv Norge | F50: 27 | G50: 28 | H50: 10 | I50: 13 | J50: 18 | K50: 19 | L50: 10
A51: Adler | F51: 19 | G51: 0 | H51: 0 | I51: 0 | J51: 0 | K51: 0 | L51: 0
A52: Hytteguttene | F52: =SUM(F48:F51) -> 142 | G52: =SUM(G48:G51) -> 58 | H52: =SUM(H48:H51) -> 39 | I52: =SUM(I48:I51) -> 43 | J52: =SUM(J48:J51) -> 32 | K52: =SUM(K48:K51) -> 65 | L52: =SUM(L48:L51) -> 46
B53: Jan | C53: Feb | D53: mars | E53: april | F53: mai | G53: juni | H53: juli | I53: aug | J53: sept | K53: okt | L53: nov | M53: des
A54: 2026
A55: Gulvfag | B55: 33 | C55: 25 | D55: 27 | E55: 20 | F55: 19 | G55: 28 | H55: 8 | I55: 22
A56: Nye Gulv Norge | B56: 3 | C56: 2 | D56: 1 | E56: 5 | F56: 1 | G56: 1 | H56: 0 | I56: 0
A57: Adler | B57: 13 | C57: 26 | D57: 18 | E57: 15 | F57: 19 | G57: 17 | H57: 18 | I57: 14
A58: Hytteguttene | B58: 0 | C58: 0 | D58: 0 | E58: 0 | F58: 0 | G58: 0 | H58: 0 | I58: 0
B59: =SUM(B55:B58) -> 49 | C59: =SUM(C55:C58) -> 53 | D59: =SUM(D55:D58) -> 46 | E59: =SUM(E55:E58) -> 40 | F59: =SUM(F55:F58) -> 39 | G59: =SUM(G55:G58) -> 46 | H59: =SUM(H55:H58) -> 26 | I59: 36

Sheet Gunvaldsen
B2: FAKTURAGRUNNLAG SVARTJENESTE
B4: Kunde | C4: Gunvaldsen og sønn | F4: Saksbehandler: | G4: Geir
B9: Kunde nr | C9: 32739
F10: Dato: | G10: =Felles!C2 -> 46265
B12: Kunden referanse
B13: Navn | F13: Etablert: Mrmobile /juli 2017
B14: Bestillingsnr/merknad:
F15: Tabell: | G15: Fast pris inntil 40 anrop + stykkpris per anrop mer enn 40
B16: Vår referanse: | C16: Geir Bodin | F16: Ny pris 2026 | G16: 1180 | H16: Stykkpris | I16: 27
B19: Kreditt tid (std. 10 dager) | C19: Netto 10 dager
B20: Kreditt tid (avvikende)
B24: Leveranse betegnelse | E24: Antall | F24: Stk pris | H24: Pris x.mva
B26: Svartjeneste inkl. 40 anrop | E26: 1 | F26: 1180 | H26: =E26*F26 -> 1180
B27: Anrop > 40 | E27: 17 | F27: 27 | H27: =E27*F27 -> 459
B32: Tekst på faktura:
B39: Sum til fakturering kunde eks.mva | H39: =SUM(H26:H38) -> 1639

Sheet IKT-Nor
B2: FAKTURAGRUNNLAG SVARTJENESTE
B4: Kunde | C4: IKT Nor | F4: Saksbehandler:
B5: Kunde nr | C5: 31643
F6: Dato: | G6: =Felles!C2 -> 46265
B8: Kunden referanse
B9: Navn | C9: Morten Oanes
B10: Bestillingsnr/merknad: | F10: Etablert juli 2013
B12: Vår referanse: | C12: Geir Bodin | E12: 2016 | F12: 620/31
E13: 2017 | F13: 640/32
E14: 2018 | F14: 660/33
B15: Kreditt tid (std. 10 dager) | C15: Netto 10 dager | E15: 2019 | F15: 680/34
B16: Kreditt tid (avvikende) | E16: 2020 | F16: 700/35
E17: 2021 | F17: 720/36
E18: 2022 | F18: 740/37
E19: 2023 | F19: 760/38
E20: 2024 | F20: 780/39
E21: 2025 | F21: 820/40
E22: 2026 | F22: 860/42
B23: Leveranse betegnelse | E23: Antall | F23: Stk pris | H23: Pris x.mva
B25: Svartjeneste inkl. 20 samtaler | D25: =Felles!C4 -> August | E25: 1 | F25: 860 | H25: =E25*F25 -> 860
B26: Anrop > 20 | E26: 0 | F26: 42 | H26: =E26*F26 -> 0
B31: Tekst på faktura:
B38: Sum til fakturering kunde eks.mva | H38: =SUM(H25:H37) -> 860

Sheet Invicta
B2: FAKTURAGRUNNLAG SVARTJENESTE
B4: Kunde | C4: Invicta | F4: Saksbehandler: | G4: Geir
B5: Kunde nr | C5: 32733
F6: Dato: | G6: =Felles!C2 -> 46265
B8: Kunden referanse
B9: Navn | C9: Kevin Hughes
B10: Bestillingsnr/merknad:
F11: Etablert: MrMobile kunde/juli 2017
B12: Vår referanse: | C12: Geir Bodin
F13: Tabell: 1990/100 anrop
F14: Egen avtale > 200 anrop 2460
B15: Kreditt tid (std. 10 dager) | C15: Netto 30 dager | F15: Deretter 15 pr anrop
B16: Kreditt tid (avvikende)
F17: 2022: 2540,- | I17: 2026(konsumpris 1,031
F18: Ny pris 2025 | G18: 2810 | I18: Ny pris 2026 | J18: 2900
B20: Leveranse betegnelse | E20: Antall | F20: Stk pris | H20: Pris x.mva
B22: Sentralbordtjeneste > 200 | D22: =Felles!C4 -> August | E22: 1 | F22: 2900 | H22: =E22*F22 -> 2900
B23: Anrop > 200 | E23: 0 | F23: 18 | H23: =E23*F23 -> 0
B28: Tekst på faktura:
B35: Sum til fakturering kunde eks.mva | H35: =SUM(H22:H34) -> 2900

Sheet JCDec
B2: FAKTURAGRUNNLAG SVARTJENESTE
B4: Kunde | C4: JCDecaux Norge AS | F4: Saksbehandler: | G4: Espen
B5: Kunde nr | C5: 31299
F6: Dato: | G6: =Felles!C2 -> 46265
B8: Kunden referanse
B9: Navn | C9: NY
B10: Bestillingsnr/merknad:
B12: Vår referanse: | C12: Espen Larsen
B15: Kreditt tid (std. 10 dager) | C15: Netto 30 dager
B16: Kreditt tid (avvikende) | F16: Ny pris 2026 juni | G16: Fastpris pr mnd = 2000,- inkl 20 anrop. Kr. Pr anrop over 20 ( juni)
F17: Ny pris 2026 | G17: fra 38 til 40
B20: Leveranse betegnelse | E20: Antall | F20: Stk pris | H20: Pris x.mva
B22: Sentralbordtjeneste | D22: =Felles!C4 -> August | E22: 0
B23: sentralbordtjeneste juni inkl 20 anrop | E23: 1 | F23: 2000 | H23: 2000
B24: Anrop over 20 | E24: 0 | F24: 40 | H24: 0
B28: Tekst på faktura:
B35: Sum til fakturering kunde eks.mva | H35: =SUM(H22:H34) -> 2000

Sheet Kardex
B2: FAKTURAGRUNNLAG SVARTJENESTE
B4: Kunde | C4: Kardex Norge AS | F4: Saksbehandler: | G4: Geir
B5: Kunde nr | C5: 31961 | J5: Pristabell sentralbordet gjeldende fra 01.01.-31.12.2026
F6: Dato: | G6: =Felles!C2 -> 46265
O7: 2026
B8: Kunden referanse | F8: Etablert: 1 mars 2012 | J8: Vol fra | K8: Vol til | O8: Pris
B9: Navn | C9: Anite Heen
B10: Bestillingsnr/merknad: | F10: Tabell | G10: 0-99 | J10: 1 | K10: 99 | O10: 2960
J11: 100 | K11: 149 | O11: 3580
B12: Vår referanse: | C12: Geir Bodin | J12: 150 | K12: 199 | O12: 4090
J13: 200 | K13: 249 | O13: 4670
J14: 250 | K14: 299 | O14: 5760
B15: Kreditt tid (std. 10 dager) | C15: 10 dager | J15: 300 | K15: 349 | O15: 6830
B16: Kreditt tid (avvikende) | C16: _______ dager | J16: 350 | K16: 399 | O16: 7920
J17: 400 | K17: 449 | O17: 8980
J18: 450 | K18: 499 | O18: 10080
J19: 500 | K19: 549 | O19: 11150
B20: Leveranse betegnelse | E20: Antall | F20: Stk pris | H20: Pris x.mva | J20: 550 | K20: 599 | O20: 12200
J21: 600 | K21: 649 | O21: 13260
B22: Svartjeneste | E22: 1 | F22: 2960 | H22: =E22*F22 -> 2960 | J22: 650 | K22: 699 | O22: 14360
J23: 700 | K23: 749 | O23: 15430
J24: 750 | K24: 799 | O24: 16530
J25: 800 | K25: 849 | O25: 17590
J26: 850 | K26: 899 | O26: 18680
J27: 900 | K27: 949 | O27: 19750
J28: 950 | K28: 999 | O28: 20820
J29: 1000 | K29: 1099 | O29: 23000
J30: 1100 | K30: 1199 | O30: 24100
J31: 1200 | K31: 1299 | O31: 26260
J32: 1300 | K32: 1399 | O32: 28400
J33: 1400 | K33: 1499 | O33: 30240
J34: 1500 | K34: 1599 | O34: 32710
... J43: 2400 | K43: 2499 | O43: 52160

Sheet IKM KarstenM
B2: FAKTURAGRUNNLAG SVARTJENESTE
B4: Kunde | C4: IKM Karsten Moholt AS | F4: Saksbehandler: | G4: Geir
B5: Kunde nr | C5: 32792
F6: Dato: | G6: =Felles!C2 -> 46265
G7: Sagt opp i mars. 3 md. Siste faktura juni 2025
B8: Kunden referanse | F8: Etablert: mars 2018
B9: Navn | C9: Beate A.Eide
B10: Bestillingsnr/merknad: | F10: Tabell | G10: 0-99
B12: Vår referanse: | C12: Geir Bodin
B15: Kreditt tid (std. 10 dager) | C15: 30 dager
B16: Kreditt tid (avvikende) | C16: _______ dager
B20: Leveranse betegnelse | E20: Antall | F20: Stk pris | H20: Pris x.mva
B22: Svartjeneste | D22: =Felles!C4 -> August | E22: 0 | F22: 2870 | H22: =E22*F22 -> 0
H24: =SUM(H22:H23) -> 0

Sheet Klinikk ØNH
B2: FAKTURAGRUNNLAG SVARTJENESTE
B4: Kunde | C4: Klinikk Øre Nese Harls | F4: Saksbehandler: | G4: Geir
B5: Kunde nr
F6: Dato: | G6: =Felles!C2 -> 46265 | J6: Volum (antall samtaler) | K6: Pris (NOK)
J7: 0 – 69 | K7: 1500
B8: Kunden referanse | F8: Etablert: | J8: 70 – 89 | K8: 2280
B9: Navn | J9: 90 – 109 | K9: 2870
B10: Bestillingsnr/merknad: | H10: ny tabell fra jan 2026: | J10: 110 – 129 | K10: 3260
J11: 130 – 149 | K11: 3450
B12: Vår referanse: | C12: Geir Bodin | J12: 150 – 169 | K12: 3810
J13: 170 – 189 | K13: 4020
F14: Ny modell fra 18 november 2024 | J14: 190 – 209 | K14: 4260
B15: Kreditt tid (std. 10 dager) | C15: 10 dager | F15: Fast | G15: 399,- år måned | J15: 210 – 229 | K15: 4490
B16: Kreditt tid (avvikende) | C16: _______ dager | F16: Pr besvart anrop | G16: 40,- | J16: 230 – 249 | K16: 4860
F17: Rapport? | J17: 250 – 269 | K17: 5280
J18: 270 – 289 | K18: 5690
J19: 290 – 309 | K19: 6100
B20: Leveranse betegnelse | E20: Antall | F20: Stk pris | H20: Pris x.mva | J20: 310 – 329 | K20: 6520
J21: 330 – 349 | K21: 6940
B22: Svartjeneste | E22: 1 | F22: 6940 | H22: =E22*F22 -> 6940 | J22: 350 – 369 | K22: 7370
J23: 370 – 389 | K23: 7790
J24: 390 – 409 | K24: 8200
J25: 410 – 429 | K25: 8610
J26: 430 – 449 | K26: 9020
B27: Totalt | H27: =SUM(H22:H25) -> 6940 | J27: 450 – 469 | K27: 9440
J28: 470 – 489 | K28: 9860
J29: 490 – 509 | K29: 10280
J30: 510 – 529 | K30: 10700
J31: 530 – 549 | K31: 11120
J32: 550 – 569 | K32: 11530
J33: 570 – 589 | K33: 11940
J34: 590 – 609 | K34: 12350
J35: 610 – 629 | K35: 12760
J36: 630 – 649 | K36: 13180
J37: 650 – 669 | K37: 13610
J38: 670 – 689 | K38: 14030
J39: 690 – 709 | K39: 14450
... J129: 2490 – 2499 | K129: 51540

Sheet Kontroll elektro
B2: FAKTURAGRUNNLAG SVARTJENESTE
B4: Kunde | C4: Kontroll elektro | F4: Saksbehandler: | G4: Geir
B5: Kunde nr | C5: 31272
F6: Dato: | G6: =Felles!C2 -> 46265
B8: Kunden referanse
B9: Navn | C9: Øivind krog Nilsen
B10: Bestillingsnr/merknad: | F10: NB Nofuel
B12: Vår referanse: | C12: Geir Bodin | E12: 2016 | F12: 620/20-31
E13: 2017 | F13: 640/20-32
E14: 2018 | F14: 660/20-33
B15: Kreditt tid (std. 10 dager) | C15: Netto 10 dager | E15: 2019 | F15: 680/20-34
B16: Kreditt tid (avvikende) | E16: 2020 | F16: 700/20-35
E17: 2021 | F17: 720/20-36
E18: 2022 | F18: 740/20-37
E19: 2023 | F19: 760/20-38
E20: 2024 | F20: 780/20-39
E21: 2025 | F21: 820/20-40
E22: 2026 | F22: 860/20-42
B23: Leveranse betegnelse | E23: Antall | F23: Stk pris | H23: Pris x.mva
B25: Sentralbordtjeneste inkl. 20 anrop | E25: 1 | F25: 860 | H25: =E25*F25 -> 860
B26: anrop > 20 | E26: 6 | F26: 42 | H26: =E26*F26 -> 252
B28: Statistikk til: : regnskap@kontrollelektro.no
B31: Tekst på faktura:
B38: Sum til fakturering kunde eks.mva | H38: =SUM(H25:H37) -> 1112

Sheet KTV
B2: FAKTURAGRUNNLAG SVARTJENESTE
B4: Kunde | C4: KTV Group AS | F4: Saksbehandler: | G4: Geir
B5: Kunde nr
F6: Dato: | G6: =Felles!C2 -> 46265
B8: Kunden referanse | F8: Etablert: juni 2014
B9: Navn | C9: Kennet Nilsen
B10: Bestillingsnr/merknad: | F10: Tabell kunde 0-99
B12: Vår referanse: | C12: Geir Bodin | F12: NB! Alle salgstelefoner skal trekkes fra
F14: NB! Bestillingnummer: 35 - egen opplasting faktura
B15: Kreditt tid (std. 10 dager) | C15: Netto 10 dager
B16: Kreditt tid (avvikende) | F16: 10% rabatt fra 1 juli 2017
O19: 2026
B20: Leveranse betegnelse | E20: Antall | F20: Stk pris | H20: Pris x.mva | J20: Vol fra | K20: Vol til | O20: Pris
B22: Sentralbordtjeneste | E22: 1 | F22: 2960 | G22: 0.1 | H22: =F22*(1-G22) -> 2664 | J22: 1 | K22: 99 | O22: 2960
B23: Antall salgstelefoner: | J23: 100 | K23: 149 | O23: 3580
J24: 150 | K24: 199 | O24: 4090
C25: 34 | J25: 200 | K25: 249 | O25: 4670
J26: 250 | K26: 299 | O26: 5760
J27: 300 | K27: 349 | O27: 6830
B28: Tekst på faktura: | J28: 350 | K28: 399 | O28: 7920
J29: 400 | K29: 449 | O29: 8980
J30: 450 | K30: 499 | O30: 10080
J31: 500 | K31: 549 | O31: 11150
J32: 550 | K32: 599 | O32: 12200
J33: 600 | K33: 649 | O33: 13260
J34: 650 | K34: 699 | O34: 14360
B35: Sum til fakturering kunde eks.mva | H35: =SUM(H22:H34) -> 2664 | J35: 700 | K35: 749 | O35: 15430
J36: 750 | K36: 799 | O36: 16530
J37: 800 | K37: 849 | O37: 17590
J38: 850 | K38: 899 | O38: 18680
J39: 900 | K39: 949 | O39: 19750
J40: 950 | K40: 999 | O40: 20820
J41: 1000 | K41: 1099 | O41: 23000
J42: 1100 | K42: 1199 | O42: 24100
J43: 1200 | K43: 1299 | O43: 26260
J44: 1300 | K44: 1399 | O44: 28400
J45: 1400 | K45: 1499 | O45: 30240
J46: 1500 | K46: 1599 | O46: 32710
J47: 1600 | K47: 1699 | O47: 34890
... J55: 2400 | K55: 2499 | O55: 52160

Sheet Nemus Vestfold
C2: FAKTURAGRUNNLAG SVARTJENESTE
C4: Kunde | D4: NEMUS | G4: Saksbehandler:
C5: Kundenr
C6: 33185 | D6: Horten
C7: 33188 | D7: Nætterøy
C8: 33189 | D8: Tønsberg
C9: 33190 | D9: Sandefjord
C10: 33191 | D10: Larvik | G10: Dato: | H10: 45962
C12: Kunden referanse | G12: Etablert | H12: 45962
C13: Navn | D13: Otto Torvik
C14: Bestillingsnr/merknad: | H14: Pristabell
C16: Vår referanse: | D16: Geir Bodin | H16: otto.torvik@nemus.no
C19: Kreditt tid (std. 10 dager) | D19: Netto 10 dager | G19: 0-99
C20: Kreditt tid (avvikende)
G21: Tabell 2025 og 2026
G22: Pris pr besvart samtale mer enn 649 er kr 24,-
C27: Leveranse betegnelse | F27: Antall | G27: Stk pris | I27: Pris x.mva
C29: Svartjeneste inkl 69 samtaler
C30: Horten | F30: Svartjeneste inkl rapport | G30: 1 | I30: 199
C31: Horten | F31: 1 | G31: 3260 | I31: 3260
C32: Nøtterøy | F32: Svartjeneste inkl rapport | G32: 1 | I32: 199
C33: Nøtterøy | F33: 1 | G33: 2280 | I33: 2280
C34: Tønsberg | F34: Svartjeneste inkl rapport | G34: 1 | I34: 199
C35: Tønsberg | F35: 1 | G35: 2280 | I35: 2280
C36: Sandefjord | F36: Svartjeneste inkl rapport | G36: 1 | I36: 199
C37: Sandefjord | F37: 1 | G37: 2280 | I37: 2280
C38: Larvik | F38: Svartjeneste inkl rapport | G38: 1 | I38: 199
C39: Larvik | F39: 1 | G39: 1500 | I39: 1500
F41: Totalt | I41: =SUM(I30:I40) -> 12595
C43: Pristabell_
D44: samtaler | E44: pris
D45: 50-69 | E45: 1500
D46: 70-89 | E46: 2280
D47: 90-109 | E47: 2870
D48: 110-129 | E48: 3260
D49: 130-149 | E49: 3450
D50: 150-169 | E50: 3810
D51: 170-189 | E51: 4020
D52: 190-209 | E52: 4260
D53: 210-229 | E53: 4490
D54: 230-249 | E54: 4860
D55: 250-269 | E55: 5280

Sheet Noah
B2: FAKTURAGRUNNLAG SVARTJENESTE
B4: Kunde | C4: NOAH | F4: Saksbehandler: | G4: Geir Bodin
B9: Kunde nr | C9: ny
F10: Dato: | G10: =Felles!C2 -> 46265
B12: Kunden referanse
B13: Navn | C13: Liv Almenningen | F13: Oppstart: | G13: 42522
B14: Bestillingsnr/merknad: | C14: innkjøpsordre 336
F15: Tabell | G15: 0-99
B16: Vår referanse: | C16: Geir Bodin
F17: Fakturer Epost
B19: Kreditt tid (std. 10 dager) | C19: Netto 10 dager
B20: Kreditt tid (avvikende)
O23: 2026
B24: Leveranse betegnelse | E24: Antall | F24: Stk pris | H24: Pris x.mva | J24: Vol fra | K24: Vol til | O24: Pris
B26: Svartjeneste | E26: 1 | F26: 2960 | H26: =E26*F26 -> 2960 | J26: 1 | K26: 99 | O26: 2960
J27: 100 | K27: 149 | O27: 3580
J28: 150 | K28: 199 | O28: 4090
B29: Statistikk til: lno@noah.no | J29: 200 | K29: 249 | O29: 4670
J30: 250 | K30: 299 | O30: 5760
J31: 300 | K31: 349 | O31: 6830
J32: 350 | K32: 399 | O32: 7920
B33: Tekst på faktura: | J33: 400 | K33: 449 | O33: 8980
J34: 450 | K34: 499 | O34: 10080
J35: 500 | K35: 549 | O35: 11150
J36: 550 | K36: 599 | O36: 12200
J37: 600 | K37: 649 | O37: 13260
J38: 650 | K38: 699 | O38: 14360
J39: 700 | K39: 749 | O39: 15430
B40: Sum til fakturering kunde eks.mva | H40: =SUM(H26:H39) -> 2960 | J40: 750 | K40: 799 | O40: 16530
J41: 800 | K41: 849 | O41: 17590
J42: 850 | K42: 899 | O42: 18680
J43: 900 | K43: 949 | O43: 19750
J44: 950 | K44: 999 | O44: 20820
J45: 1000 | K45: 1099 | O45: 23000
J46: 1100 | K46: 1199 | O46: 24100
J47: 1200 | K47: 1299 | O47: 26260
J48: 1300 | K48: 1399 | O48: 28400
J49: 1400 | K49: 1499 | O49: 30240
J50: 1500 | K50: 1599 | O50: 32710
J51: 1600 | K51: 1699 | O51: 34890
J52: 1700 | K52: 1799 | O52: 37060
... J59: 2400 | K59: 2499 | O59: 52160

Sheet Norenco
B2: FAKTURAGRUNNLAG SVARTJENESTE
B4: Kunde | C4: Norenco Norge AS | F4: Saksbehandler:
C5: Tegleverksveien 99
C6: 3057 Solbergelva
B9: Kunde nr | C9: ny
F10: Dato: | G10: =Felles!C2 -> 46265
B12: Kunden referanse | G12: Bedriftssvar
B13: Navn
B14: Bestillingsnr/merknad: | C14: Arne Haukland | S14: 2026
F15: Tabell | G15: 0-99 | Q15: Vol fra | R15: Vol til | S15: Pris
B16: Vår referanse: | C16: Geir Bodin
G17: EHF | Q17: 1 | R17: 99 | S17: 2960
Q18: 100 | R18: 149 | S18: 3580
B19: Kreditt tid (std. 10 dager) | C19: Netto 10 dager | Q19: 150 | R19: 199 | S19: 4090
B20: Kreditt tid (avvikende) | Q20: 200 | R20: 249 | S20: 4670
Q21: 250 | R21: 299 | S21: 5760
Q22: 300 | R22: 349 | S22: 6830
Q23: 350 | R23: 399 | S23: 7920
B24: Leveranse betegnelse | E24: Antall | F24: Stk pris | H24: Pris x.mva | Q24: 400 | R24: 449 | S24: 8980
Q25: 450 | R25: 499 | S25: 10080
B26: Svartjeneste | E26: 1 | F26: 2960 | H26: =E26*F26 -> 2960 | Q26: 500 | R26: 549 | S26: 11150
B27: Tillegg Linje | E27: 1 | F27: 199 | H27: =E27*F27 -> 199 | Q27: 550 | R27: 599 | S27: 12200
Q28: 600 | R28: 649 | S28: 13260
B29: Sum til fakturering kunde eks.mva | H29: =SUM(H26:H28) -> 3159 | Q29: 650 | R29: 699 | S29: 14360
Q30: 700 | R30: 749 | S30: 15430
B31: Statistikk for Norenco og Mekan til: arne@norenco.no og elise@norenco.no | Q31: 750 | R31: 799 | S31: 16530
Q32: 800 | R32: 849 | S32: 17590
B33: Tekst på faktura: | Q33: 850 | R33: 899 | S33: 18680
B34: sept | C34: okt | E34: des | F34: jan | G34: feb | Q34: 900 | R34: 949 | S34: 19750
A35: Norenco | B35: 64 | C35: 53 | E35: 43 | F35: 62 | G35: 56 | Q35: 950 | R35: 999 | S35: 20820
A36: Mekan | B36: 25 | C36: 15 | E36: 17 | F36: 15 | G36: 11 | Q36: 1000 | R36: 1099 | S36: 23000
B37: =SUM(B35:B36) -> 89 | C37: =SUM(C35:C36) -> 68 | E37: =SUM(E35:E36) -> 60 | F37: =SUM(F35:F36) -> 77 | G37: =SUM(G35:G36) -> 67 | Q37: 1100 | R37: 1199 | S37: 24100
Q38: 1200 | R38: 1299 | S38: 26260
A39: 2025 | Q39: 1300 | R39: 1399 | S39: 28400
B40: mars | C40: april | D40: Mai | E40: juli | F40: august | G40: sept, | H40: Oktober | I40: November | Q40: 1400 | R40: 1499 | S40: 30240
A41: Norenco | B41: 64 | C41: 56 | D41: 68 | E41: 57 | F41: 69 | G41: 71 | H41: 58 | I41: 60 | Q41: 1500 | R41: 1599 | S41: 32710
A42: Mekan | B42: 24 | C42: 13 | D42: 15 | E42: 10 | F42: 11 | G42: 19 | H42: 9 | I42: 6 | Q42: 1600 | R42: 1699 | S42: 34890
A43: Total | B43: =SUM(B41:B42) -> 88 | C43: =SUM(C41:C42) -> 69 | D43: =SUM(D41:D42) -> 83 | E43: =SUM(E41:E42) -> 67 | F43: =SUM(F41:F42) -> 80 | G43: =SUM(G41:G42) -> 90 | H43: =SUM(H41:H42) -> 67 | I43: =SUM(I41:I42) -> 66 | Q43: 1700 | R43: 1799 | S43: 37060
Q44: 1800 | R44: 1899 | S44: 39200
A45: 2026 | Q45: 1900 | R45: 1999 | S45: 41380
B46: Jan | C46: feb | D46: mars | E46: april | F46: mai | G46: jun | H46: jul | I46: aug | J46: sep | K46: okt | L46: nov | M46: des | Q46: 2000 | R46: 2099 | S46: 43500
A47: Norenco | B47: 41 | C47: 49 | D47: 45 | E47: 45 | F47: 43 | G47: 53 | H47: 37 | I47: 60 | Q47: 2100 | R47: 2199 | S47: 45650
A48: Mekan | B48: 7 | C48: 15 | D48: 11 | E48: 10 | F48: 10 | G48: 6 | H48: 12 | I48: 8 | Q48: 2200 | R48: 2299 | S48: 47850
A49: Total | B49: =SUM(B47:B48) -> 48 | C49: =SUM(C47:C48) -> 64 | D49: 56 | E49: 55 | F49: =SUM(F47:F48) -> 53 | G49: =SUM(G47:G48) -> 59 | H49: =SUM(H47:H48) -> 49 | I49: =SUM(I47:I48) -> 68 | Q49: 2300 | R49: 2399 | S49: 49980
Q50: 2400 | R50: 2499 | S50: 52160

Sheet NorskMedisinskSyklotron
B2: FAKTURAGRUNNLAG SVARTJENESTE
B4: Kunde | C4: Norsk Medisinsk Syklotronsenter | F4: Saksbehandler: | G4: Geir
B5: Kunde nr
F6: Dato: | G6: =Felles!C2 -> 46265
B8: Kunden referanse
B9: Navn | F9: Ny mai/juni 2017
B10: Bestillingsnr/merknad:
F11: Terminfaktureres etterskuddsvis
B12: Vår referanse: | C12: Geir Bodin | F12: pr kvartal fra 1 januar 2025
F13: Første faktura 31.03.2025 - konf Geir!
F14: Faktureres:
B15: Kreditt tid (std. 10 dager) | C15: Netto 10 dager | F15: Mars
B16: Kreditt tid (avvikende) | F16: Juni
F17: September
F18: Desember
J19: Pris/fakturering 2026 - periode 3 måneder
B20: Leveranse betegnelse | E20: Antall | F20: Stk pris | H20: Pris x.mva | J20: 2870 | K20: inkluderer 99 besvarte samtaler
J21: 3460 | K21: inkluderer 149 besvarte samtaler
B22: Sentralbordtjeneste | D22: Desember | E22: 1 | F22: 2870 | H22: =E22*F22 -> 2870 | J22: 3960 | K22: inkluderer 199 besvarte samtaler
J23: 4550 | K23: inkluderer 249 besvarte samtaler
J24: 5590 | K24: inkluderer 299 besvarte samtaler
J26: Besvarte samtaler mer enn 299 i kvartaletfaktureres med kr 36,- per besvarte samtale.
B28: Tekst på faktura:
B35: Sum til fakturering kunde eks.mva | H35: =SUM(H22:H34) -> 2870
B37: statistikk 2025: | E37: Statistikk 2026
B38: januar | C38: 17 | E38: Jan | F38: 18
B39: feb | C39: 12 | E39: feb | F39: 8
B40: mars | C40: 9 | E40: mars | F40: 6
B41: april | C41: 11 | E41: april | F41: 6
B42: mai | C42: 9 | E42: mai | F42: 8
B43: Juni | C43: 10 | E43: juni | F43: 8
B44: Juli | C44: 7 | E44: juli | F44: 6
B45: aug | C45: 16 | E45: aug | F45: 16
B46: sept | C46: 16 | E46: sep
B47: Oktober | C47: 19 | E47: okto
B48: November | C48: 8 | E48: nov
B49: Desember | E49: des

Sheet Nyd
B2: FAKTURAGRUNNLAG SVARTJENESTE
B4: Kunde | C4: NYD | F4: Saksbehandler:
B5: Kunde nr | C5: 30308
F6: Dato: | G6: 20.11.xx
G7: 20.02.xx
B8: Kunden referanse | G8: 20.05.xx
B9: Navn | C9: Dag William Wroldsen | G9: 20.08.xx
B10: Bestillingsnr/merknad:
F11: Kvartalsvis Forskudd.
B12: Vår referanse: | C12: Geir Bodin | F12: Faktureres: | G12: Februar
G13: Mai
G14: August
B15: Kreditt tid (std. 10 dager) | C15: Netto 10 dager | G15: November
B16: Kreditt tid (avvikende)
F17: Ny pris 2026: | G17: 3410
B20: Leveranse betegnelse | E20: Antall | F20: Stk pris | H20: Pris x.mva
B22: Sentralbordtjeneste kvartalsfaktura | E22: 3 | F22: 3410 | H22: =E22*F22 -> 10230
B23: uten statistikk
B28: Tekst på faktura:
B35: Sum til fakturering kunde eks.mva | H35: =SUM(H22:H34) -> 10230
B37: 2026
B38: Jan | C38: 82
B39: Feb | C39: 69
B41: april | C41: 60
B42: Mai | C42: 36
B43: juni | C43: 65
B44: juli
B45: august | C45: 63

Sheet PCVennen
B2: FAKTURAGRUNNLAG SVARTJENESTE
B4: Kunde | C4: PC Vennen | F4: Saksbehandler:
B5: Kunde nr | C5: ny
F6: Dato: | G6: =Felles!C2 -> 46265
B8: Kunden referanse
B9: Navn
B10: Bestillingsnr/merknad: | C10: Harald Brevig | F10: 0-149
B12: Vår referanse: | C12: Geir Bodin
B15: Kreditt tid (std. 10 dager) | C15: Netto 10 dager | F15: Ny pris 2026 | H15: 3010
B16: Kreditt tid (avvikende)
B20: Leveranse betegnelse | E20: Antall | F20: Stk pris | H20: Pris x.mva
B22: Svartjeneste | E22: 1 | F22: 3010 | H22: =E22*F22 -> 3010
D23: 42
B28: Tekst på faktura:
B35: Sum til fakturering kunde eks.mva | H35: =SUM(H22:H34) -> 3010

Sheet Philips
B2: FAKTURAGRUNNLAG SVARTJENESTE
B4: Kunde | C4: Philips | F4: Saksbehandler:
B9: Kunde nr | C9: Ny
F10: Dato: | G10: =Felles!C2 -> 46265
B12: Kunden referanse
B13: Navn | G13: Egen tabell
B14: Bestillingsnr/merknad: | D14: NO90 4521045658 - nytt 2025
B16: Vår referanse: | C16: Geir Bodin | G16: OBS Ny referanse
G18: NB! Fakturer epost til Geir
B19: Kreditt tid (std. 10 dager) | C19: Netto 60 dager
B20: Kreditt tid (avvikende)
G22: Ny prismodell fra april 2020 | I22: Ny Pris 2026: | J22: 8110
B24: Leveranse betegnelse | E24: Antall | F24: Stk pris | H24: Pris x.mva
B26: Svartjeneste | E26: 1 | F26: 8110 | H26: =E26*F26 -> 8110
B27: Anrop > 499 | E27: 0 | F27: 18 | H27: =E27*F27 -> 0
B28: samtalelogg pr mnd | E28: 1 | F28: 2500 | H28: 2500
B32: Tekst på faktura:
B39: Sum til fakturering kunde eks.mva | H39: =SUM(H26:H38) -> 10610
B41: Tilleggsopplysning
B42: Swift: | C42: SPTRNO22
B43: IBAN: | C43: NO49 2291 1519 147
B45: Avtalen gir rett til korrigering etter konsumprisindeksen fra 01.01.2021
B46: KTI tjenester: 2,3
B47: Fastprise endres: | C47: Fra | D47: 6830
B48: 2021 | C48: Til | D48: 6960
B49: 2022 | D49: 7190
B50: 2023 | D50: 7460
B51: 2024 | D51: 7660
B52: 2025 | D52: 7864
B53: 2026 | D53: 8110
B55: Variabel | C55: Fra | D55: 15
C56: Til | D56: 16 | E56: Nb! Endres først i 2022

Sheet Per Tverfjell Bilomsetning AS
A2: FAKTURAGRUNNLAG SVARTJENESTE
A4: Kunde | B4: Per Tverfjell Bilomsetning AS | E4: Saksbehandler: | F4: Geir
A5: Kunde nr
E6: Dato: 01.02.2026 | F6: =Felles!B2 -> Dato | I6: Volum (antall samtaler) | J6: Pris (NOK)
I7: 0 – 69 | J7: 1500
A8: Kunden referanse | E8: Etablert: | I8: 70 – 89 | J8: 2280
A9: Navn | B9: Per Tverfjell | I9: 90 – 109 | J9: 2870
A10: Bestillingsnr/merknad: | G10: ny tabell fra jan 2026: | I10: 110 – 129 | J10: 3260
I11: 130 – 149 | J11: 3450
A12: Vår referanse: | B12: Geir Bodin | I12: 150 – 169 | J12: 3810
I13: 170 – 189 | J13: 4020
I14: 190 – 209 | J14: 4260
A15: Kreditt tid (std. 10 dager) | B15: 10 dager | I15: 210 – 229 | J15: 4490
A16: Kreditt tid (avvikende) | B16: _______ dager | I16: 230 – 249 | J16: 4860
I17: 250 – 269 | J17: 5280
I18: 270 – 289 | J18: 5690
I19: 290 – 309 | J19: 6100
A20: Leveranse betegnelse | D20: Antall | E20: Stk pris | G20: Pris x.mva | I20: 310 – 329 | J20: 6520
I21: 330 – 349 | J21: 6940
A22: Svartjeneste | D22: 1 | E22: 3260 | G22: =D22*E22 -> 3260 | I22: 350 – 369 | J22: 7370
I23: 370 – 389 | J23: 7790
I24: 390 – 409 | J24: 8200
I25: 410 – 429 | J25: 8610
I26: 430 – 449 | J26: 9020
A27: Totalt | G27: =SUM(G22:G25) -> 3260 | I27: 450 – 469 | J27: 9440
I28: 470 – 489 | J28: 9860
I29: 490 – 509 | J29: 10280
I30: 510 – 529 | J30: 10700
I31: 530 – 549 | J31: 11120
I32: 550 – 569 | J32: 11530
I33: 570 – 589 | J33: 11940
I34: 590 – 609 | J34: 12350
I35: 610 – 629 | J35: 12760
I36: 630 – 649 | J36: 13180
I37: 650 – 669 | J37: 13610
I38: 670 – 689 | J38: 14030
I39: 690 – 709 | J39: 14450
... I58: 1070 – 1089 | J58: 22640

Sheet Positiv trafikkskole
B2: FAKTURAGRUNNLAG SVARTJENESTE
B4: Kunde | C4: Positiv Trafikkskole | F4: Saksbehandler: | G4: Geir
B5: Kunde nr | C5: 31787
F6: Dato: | G6: =Felles!C2 -> 46265
B8: Kunden referanse | F8: Avtale oppstart: juli/2011
B9: Navn | C9: Ove Sagen-Hafstad
B10: Bestillingsnr/merknad: | G10: Grunnpris | H10: måned | I10: Ny Pris 2026 | J10: 515
G11: Variabel | H11: pr anrop | J11: 42
B12: Vår referanse: | C12: Øyvind Belsten
F13: Bruke Epost ved fakturering fra November
B15: Kreditt tid (std. 10 dager) | C15: Netto 10 dager
B16: Kreditt tid (avvikende)
B20: Leveranse betegnelse | E20: Antall | F20: Stk pris | H20: Pris x.mva
B22: Grunnpris | E22: 1 | F22: 515 | H22: =E22*F22 -> 515
B23: Anrop | E23: 15 | F23: 42 | H23: =E23*F23 -> 630
B25: Statistikk til: post@positiv-trafikkskole.no
B28: Tekst på faktura:
B35: Sum til fakturering kunde eks.mva | H35: =SUM(H22:H34) -> 1145

Sheet Promon
B2: FAKTURAGRUNNLAG SVARTJENESTE
B4: Kunde | C4: Promon | F4: Saksbehandler: | G4: Geir
B5: Kunde nr | C5: 32875
F6: Dato: | G6: =Felles!C2 -> 46265
B8: Kunden referanse | F8: Oppstart: april/mai 2019
B9: Navn | C9: Folker den Braber
B10: Bestillingsnr/merknad: | C10: Avd.200 | F10: faktura@promon.no
B12: Vår referanse: | C12: Geir Bodin | F12: Egen tabell | I12: 2024 | J12: 2025 | K12: p
F13: 0-99 | G13: 6650 | H13: 6790 | I13: 6990 | J13: 7190 | K13: 7410
F14: 100-149 | G14: 9650 | H14: 9870 | I14: 9939 | J14: 10237 | K14: 10550
B15: Kreditt tid (std. 10 dager) | C15: 10 dager | F15: 150-199 | G15: 12650 | H15: 12940 | I15: 13029 | J15: 13419 | K15: 13830
B16: Kreditt tid (avvikende) | C16: _______ dager | F16: 200-249 | G16: 15650 | H16: 16010 | I16: 16490 | J16: 16984 | K16: 17510
F17: Resten av tabell - se kontrakt
F18: Leveres også av Safe4
B20: Leveranse betegnelse | E20: Antall | F20: Stk pris | H20: Pris x.mva
B23: Svartjeneste | D23: =Felles!C4 -> August | E23: 1 | F23: 7410 | H23: =SUM(E23)*F23 -> 7410
D24: 31
B29: Sum til fakturering kunde eks.mva | H29: =SUM(H22:H28) -> 7410

Sheet Prevas
B2: FAKTURAGRUNNLAG SVARTJENESTE
B4: Kunde | C4: Prevas | F4: Saksbehandler:
B9: Kunde nr
F10: Dato: | G10: =Felles!C2 -> 46265
B12: Kunden referanse | F12: Etablert | G12: 01/2016
B13: Navn | C13: Einar Alexander Andersen
B14: Bestillingsnr/merknad:
F15: Huske epost på faktura
B16: Vår referanse: | C16: Geir Bodin
F17: invoice.preno@prevas.no
F18: Kun pdf godtas!
B19: Kreditt tid (std. 10 dager) | C19: Netto 10 dager | F19: 0-99
B20: Kreditt tid (avvikende)
F21: Egen avtale april
F23: 2026: Endret fra 44,- til 46,-
B27: Leveranse betegnelse | E27: Antall | F27: Stk pris | H27: Pris x.mva
B29: Svartjeneste | D29: Februar | E29: 1 | F29: 199 | H29: =E29*F29 -> 199
B30: Antall anrop | E30: 3 | F30: 46 | H30: =E30*F30 -> 138
H33: =SUM(H29:H32) -> 337

Sheet Rambøll
B2: FAKTURAGRUNNLAG SVARTJENESTE
B4: Kunde | C4: Rambøll | F4: Saksbehandler:
B9: Kunde nr
F10: Dato: | G10: =Felles!C2 -> 46265
B12: Kunden referanse | F12: Etablert | G12: 45717
B13: Navn | C13: Lise Kristin Thun Sjølstad | K13: PRISLISTE SENTRALBORD TABELL
B14: Bestillingsnr/merknad: | C14: 1353109 | K14: Antall anrop/mnd
F15: Huske epost på faktura | N15: Pris 2026
B16: Vår referanse: | C16: Geir Bodin | F16: lise.sjolstad@ramboll.no | K16: 0 - 99 | N16: 2580
K17: 100-149 | N17: 3090
F18: Referanse er 1353109 og fint om teksten er på engelsk. | K18: 150-199 | N18: 3610
B19: Kreditt tid (std. 10 dager) | C19: Netto 10 dager | F19: 0-99 | K19: 200-249 | N19: 4130
B20: Kreditt tid (avvikende) | K20: 250-299 | N20: 4640
K22: Pris pr anrop mer enn 299 er kr 42 pr stk.
B27: Leveranse betegnelse | E27: Antall | F27: Stk pris | H27: Pris x.mva
B29: Svartjeneste | E29: 1 | F29: 4640 | H29: =F29*E29 -> 4640
B30: Besvarte anrop mer enn 299 | E30: 56 | F30: 42 | H30: =SUM(E30*F30) -> 2352
B31: Samtalelogg pr mnd
H32: =SUM(H29:H31) -> 6992
C35: 3 125,00
C36: 3 125,00
C37: 0
C38: 24848 | N38: 1495
C39: Rambøll Norge AS
C40: -33172
C41: 1353109
C42: Betalt
C43: 45777
C44: 6 987,50
C45: 6 987,50
C46: 0
C47: 24984
C48: Rambøll Norge AS
C49: -33172
C50: 1353109
C51: Betalt
C52: 45808
C53: 6 987,50
C54: 6 987,50
C55: 0
C56: 25105
C57: Rambøll Norge AS
C58: -33172
C59: 1353109
C60: Betalt
C61: 45838
C62: 6 987,50
C63: 6 987,50
C64: 0
C65: 25249
C66: Rambøll Norge AS
C67: -33172
C68: 1353109
C69: Betalt
C70: 45869
C71: 4 950,00
C72: 4 950,00
C73: 0
C74: 25376
C75: Rambøll Norge AS
C76: -33172
C77: 1353109
C78: Betalt
C79: 45900
C80: 4 950,00
C81: 4 950,00
C82: 0
C83: 25503
C84: Rambøll Norge AS
C85: -33172
C86: 1353109
C87: Betalt
C88: 45930
C89: 8 275,00
C90: 8 275,00
C91: 0
C92: 25663
C93: Rambøll Norge AS
C94: -33172
C95: 1353109
C96: Betalt
C97: 45961
C98: 9 612,50
C99: 9 612,50
C100: 0
C101: 25802
C102: Rambøll Norge AS
C103: -33172
C104: 1353109
C105: Betalt
C106: 45991
C107: 6 987,50
C108: 6 987,50
C109: 0
C110: 25937
C111: Rambøll Norge AS
C112: -33172
C113: 1353109
C114: Betalt
C115: 46022
...

Sheet Safari
B2: FAKTURAGRUNNLAG SVARTJENESTE
B4: Kunde | C4: Safari Planter | F4: Saksbehandler:
B5: Kunde nr
F6: Dato: | G6: =Felles!C2 -> 46265
B8: Kunden referanse
B9: Navn | C9: Sigbjørn Furmyr
B10: Bestillingsnr/merknad: | F10: Etablert: juli 2018
B12: Vår referanse: | C12: Geir Bodin
F13: Grunnpris: 199
F14: Pr anrop: 36/37/38/39/40/42/44/46
B15: Kreditt tid (std. 10 dager) | C15: Netto 10 dager
B16: Kreditt tid (avvikende)
B20: Leveranse betegnelse | E20: Antall | F20: Stk pris | H20: Pris x.mva
B22: Grunnpris | E22: 1 | F22: 199 | H22: =E22*F22 -> 199
B23: Besvarte anrop | D23: =Felles!C4 -> August | E23: 2 | F23: 46 | H23: =E23*F23 -> 92
B28: Tekst på faktura:
B35: Sum til fakturering kunde eks.mva | H35: =SUM(H22:H34) -> 291

Sheet SafeNTouchcom
B2: FAKTURAGRUNNLAG SVARTJENESTE
B4: Kunde | C4: Safenordic | F4: Saksbehandler:
B5: Kunde nr | C5: 32706
F6: Dato: | G6: =Felles!C2 -> 46265
B8: Kunden referanse
B9: Navn | C9: Pål Rune Gerhardsen
B10: Bestillingsnr/merknad: | F10: Etablert: april 2018 | I10: Ny avtale med Geir 29.08.2025
F11: Tabell 0-99 | I11: kr. 1125,- pr mnd, inkl 30 besvarte samtaler med
B12: Vår referanse: | C12: Geir Bodin | I12: rollover til neste mnd, innenfo en 3 mnd periode. Max besvart 90 samtaler ( +/- 10 bevarte pr mnd
F13: Faktura: EHF
F14: Statistikk: | G14: regnskap@safenordic.no
B15: Kreditt tid (std. 10 dager) | C15: Netto 10 dager | F15: NB: tillegg for fakturaspørsmål og selvbetj.løsn
B16: Kreditt tid (avvikende) | J16: samme pris 2026
B20: Leveranse betegnelse | E20: Antall | F20: Stk pris | H20: Pris x.mva
B22: Nummer og teknisk løsning | E22: 0 | F22: 199 | H22: =E22*F22 -> 0
B23: Svartjeneste | D23: =Felles!C4 -> August | E23: 1 | F23: 1125 | H23: =E23*F23 -> 1125
B28: Tekst på faktura:
B35: Sum til fakturering kunde eks.mva | H35: =SUM(H22:H34) -> 1125
C38: jun | D38: jul | E38: aug | F38: sep | G38: okt | H38: jan
B39: Safenordic | C39: 5 | D39: 3 | E39: 2 | F39: 4 | G39: 2 | H39: 1
B40: Touchecom | C40: 6 | D40: 84 | E40: 61 | F40: 39 | G40: 21 | H40: 16
C41: =SUM(C39:C40) -> 11 | D41: =SUM(D39:D40) -> 87 | E41: =SUM(E39:E40) -> 63 | F41: =SUM(F39:F40) -> 43 | G41: =SUM(G39:G40) -> 23 | H41: =SUM(H39:H40) -> 17
C44: feb | D44: mars | E44: April | F44: Mai | G44: juni | H44: Juli
B45: Safenordic | C45: 1 | D45: 4 | E45: 11 | F45: 0 | G45: 0 | H45: 0
B46: Touchecom | C46: 13 | D46: 18 | E46: 0 | F46: 17 | G46: 22 | H46: 13
C47: =SUM(C45:C46) -> 14 | D47: =SUM(D45:D46) -> 22 | E47: =SUM(E45:E46) -> 11 | F47: =SUM(F45:F46) -> 17 | G47: 22 | H47: 13
C49: aug | D49: sept | E49: okt | F49: nov | G49: des
B50: Safenordic | C50: 0 | D50: 0 | E50: 0 | F50: 0
B51: Touchcom | C51: 19 | D51: 18 | E51: 8 | F51: 26
A53: 2026 | C53: Jan | D53: feb | E53: mars | F53: april | G53: mai | H53: juni | I53: juli | J53: aug | K53: sept | L53: okt | M53: nov | N53: des
B54: Safenordic | C54: 3 | D54: 7 | E54: 1 | F54: 3 | G54: 0 | H54: 1 | I54: 1
B55: Touchcom | C55: 11 | D55: 22 | E55: 7 | F55: 17 | G55: 11 | H55: 10 | I55: 5
C56: =SUM(C54:C55) -> 14 | D56: =SUM(D54:D55) -> 29 | E56: 8 | F56: 20 | G56: 11 | H56: 11 | I56: =SUM(I54:I55) -> 6
C88: jun | D88: jul | E88: aug | F88: sep | G88: okt | H88: jan
B89: Safenordic | C89: 5 | D89: 3 | E89: 2 | F89: 4 | G89: 2 | H89: 1
B90: Touchecom | C90: 6 | D90: 84 | E90: 61 | F90: 39 | G90: 21 | H90: 16
C91: =SUM(C89:C90) -> 11 | D91: =SUM(D89:D90) -> 87 | E91: =SUM(E89:E90) -> 63 | F91: =SUM(F89:F90) -> 43 | G91: =SUM(G89:G90) -> 23 | H91: =SUM(H89:H90) -> 17
C94: feb | D94: mars | E94: April | F94: Mai | G94: juni | H94: Juli
B95: Safenordic | C95: 1 | D95: 4 | E95: 11 | F95: 0 | G95: 0 | H95: 0
B96: Touchecom | C96: 13 | D96: 18 | E96: 0 | F96: 17 | G96: 22 | H96: 13
C97: =SUM(C95:C96) -> 14 | D97: =SUM(D95:D96) -> 22 | E97: =SUM(E95:E96) -> 11 | F97: =SUM(F95:F96) -> 17 | G97: 22 | H97: 13
C99: aug | D99: sept | E99: okt | F99: nov | G99: des
B100: Safenordic | C100: 0 | D100: 0 | E100: 0 | F100: 0
B101: Touchcom | C101: 19 | D101: 18 | E101: 8 | F101: 26

Sheet Senterforstress
B2: FAKTURAGRUNNLAG SVARTJENESTE
B4: Kunde | C4: Senter for stress og Traumespykologi | F4: Saksbehandler:
B9: Kunde nr
F10: Dato: | G10: =Felles!C2 -> 46265
B12: Kunden referanse | F12: Etablert | G12: 43586
B13: Navn | C13: Rune Stuvland
B14: Bestillingsnr/merknad:
F15: Tabell 0-99
B16: Vår referanse: | C16: Geir Bodin
O17: 2026
M18: Vol fra | N18: Vol til | O18: Pris
B19: Kreditt tid (std. 10 dager) | C19: Netto 10 dager
B20: Kreditt tid (avvikende) | M20: 1 | N20: 99 | O20: 2960
M21: 100 | N21: 149 | O21: 3580
M22: 150 | N22: 199 | O22: 4090
M23: 200 | N23: 249 | O23: 4670
B24: Leveranse betegnelse | E24: Antall | F24: Stk pris | H24: Pris x.mva | M24: 250 | N24: 299 | O24: 5760
M25: 300 | N25: 349 | O25: 6830
B26: Svartjeneste | D26: =Felles!C4 -> August | E26: 1 | F26: 2960 | H26: =E26*F26 -> 2960 | M26: 350 | N26: 399 | O26: 7920
M27: 400 | N27: 449 | O27: 8980
M28: 450 | N28: 499 | O28: 10080
M29: 500 | N29: 549 | O29: 11150
M30: 550 | N30: 599 | O30: 12200
M31: 600 | N31: 649 | O31: 13260
B32: Tekst på faktura: | M32: 650 | N32: 699 | O32: 14360
M33: 700 | N33: 749 | O33: 15430
M34: 750 | N34: 799 | O34: 16530
M35: 800 | N35: 849 | O35: 17590
M36: 850 | N36: 899 | O36: 18680
M37: 900 | N37: 949 | O37: 19750
M38: 950 | N38: 999 | O38: 20820
B39: Sum til fakturering kunde eks.mva | H39: =SUM(H26:H38) -> 2960 | M39: 1000 | N39: 1099 | O39: 23000
M40: 1100 | N40: 1199 | O40: 24100
M41: 1200 | N41: 1299 | O41: 26260
M42: 1300 | N42: 1399 | O42: 28400
M43: 1400 | N43: 1499 | O43: 30240
M44: 1500 | N44: 1599 | O44: 32710
M45: 1600 | N45: 1699 | O45: 34890
M46: 1700 | N46: 1799 | O46: 37060
M47: 1800 | N47: 1899 | O47: 39200
M48: 1900 | N48: 1999 | O48: 41380
M49: 2000 | N49: 2099 | O49: 43500
M50: 2100 | N50: 2199 | O50: 45650
M51: 2200 | N51: 2299 | O51: 47850
... M53: 2400 | N53: 2499 | O53: 52160

Sheet Spraying-syst
B2: FAKTURAGRUNNLAG SVARTJENESTE
B4: Kunde | C4: Spraying System Sverige AB | F4: Saksbehandler:
F7: EPOST fra juni 2023
B9: Kunde nr | C9: 31909
F10: Dato: | G10: =Felles!C2 -> 46265
B12: Kunden referanse
B13: Navn | F13: Prøve periode 1 måned: 2000
B14: Bestillingsnr/merknad: | C14: Niklas Sandin
F15: Periode: | G15: NB 3 måneders oppsigelse | Q15: 2026
B16: Vår referanse: | C16: Geir Bodin | O16: Vol fra | P16: Vol til | Q16: Pris
F17: Endret des 2011 fra Spraying system Norge
F18: til Spraying System Sverige AB | O18: 1 | P18: 99 | Q18: 2960
B19: Kreditt tid (std. 10 dager) | C19: Netto 10 dager | O19: 100 | P19: 149 | Q19: 3580
B20: Kreditt tid (avvikende) | F20: NB! Utenlandstrafikk ikke fakturert for des | O20: 150 | P20: 199 | Q20: 4090
F21: HUSk Land ved fakturering | O21: 200 | P21: 249 | Q21: 4670
O22: 250 | P22: 299 | Q22: 5760
F23: Endre til 0-99 fra 2018 | O23: 300 | P23: 349 | Q23: 6830
O24: 350 | P24: 399 | Q24: 7920
O25: 400 | P25: 449 | Q25: 8980
O26: 450 | P26: 499 | Q26: 10080
B27: Leveranse betegnelse | E27: Antall | F27: Stk pris | H27: Pris x.mva | O27: 500 | P27: 549 | Q27: 11150
O28: 550 | P28: 599 | Q28: 12200
B29: Svartjeneste | D29: =Felles!C4 -> August | E29: 1 | F29: 2960 | H29: =E29*F29 -> 2960 | O29: 600 | P29: 649 | Q29: 13260
O30: 650 | P30: 699 | Q30: 14360
O31: 700 | P31: 749 | Q31: 15430
O32: 750 | P32: 799 | Q32: 16530
O33: 800 | P33: 849 | Q33: 17590
O34: 850 | P34: 899 | Q34: 18680
O35: 900 | P35: 949 | Q35: 19750
O36: 950 | P36: 999 | Q36: 20820
O37: 1000 | P37: 1099 | Q37: 23000
O38: 1100 | P38: 1199 | Q38: 24100
O39: 1200 | P39: 1299 | Q39: 26260
O40: 1300 | P40: 1399 | Q40: 28400
B41: Tekst på faktura: | O41: 1400 | P41: 1499 | Q41: 30240
O42: 1500 | P42: 1599 | Q42: 32710
O43: 1600 | P43: 1699 | Q43: 34890
O44: 1700 | P44: 1799 | Q44: 37060
O45: 1800 | P45: 1899 | Q45: 39200
O46: 1900 | P46: 1999 | Q46: 41380
O47: 2000 | P47: 2099 | Q47: 43500
B48: Sum til fakturering kunde eks.mva | H48: =SUM(H29:H47) -> 2960 | O48: 2100 | P48: 2199 | Q48: 45650
O49: 2200 | P49: 2299 | Q49: 47850
B50: Tilleggsopplysning | O50: 2300 | P50: 2399 | Q50: 49980
B51: Swift | C51: SPTRNO22 | O51: 2400 | P51: 2499 | Q51: 52160
B52: IBAN | C52: NO49 2291 1519 147

Sheet Standard Norge
B2: FAKTURAGRUNNLAG SVARTJENESTE
B4: Kunde | C4: Standard Norge AS | F4: Saksbehandler:
B9: Kunde nr | C9: 32705
F10: Dato: | G10: =Felles!C2 -> 46265
B12: Kunden referanse
B13: Navn | C13: Per Thrane-Nielsen | F13: Tabell
B14: Bestillingsnr/merknad:
F15: Oppstart | G15: feb 2017
B16: Vår referanse: | C16: Geir Bodin
F17: Tabell 0-99
O18: 2026
B19: Kreditt tid (std. 10 dager) | C19: Netto 10 dager | J19: Vol fra | K19: Vol til | O19: Pris
B20: Kreditt tid (avvikende)
J21: 1 | K21: 99 | O21: 2960
J22: 100 | K22: 149 | O22: 3580
J23: 150 | K23: 199 | O23: 4090
B24: Leveranse betegnelse | E24: Antall | F24: Stk pris | H24: Pris x.mva | J24: 200 | K24: 249 | O24: 4670
J25: 250 | K25: 299 | O25: 5760
B26: Svartjeneste | D26: =Felles!C4 -> August | E26: 1 | F26: 3580 | H26: =F26*E26 -> 3580 | J26: 300 | K26: 349 | O26: 6830
J27: 350 | K27: 399 | O27: 7920
B28: Statistikk til: ptn@standard.no | C28: ptn@standard.no | J28: 400 | K28: 449 | O28: 8980
J29: 450 | K29: 499 | O29: 10080
J30: 500 | K30: 549 | O30: 11150
J31: 550 | K31: 599 | O31: 12200
B32: Tekst på faktura: | J32: 600 | K32: 649 | O32: 13260
J33: 650 | K33: 699 | O33: 14360
J34: 700 | K34: 749 | O34: 15430
J35: 750 | K35: 799 | O35: 16530
J36: 800 | K36: 849 | O36: 17590
J37: 850 | K37: 899 | O37: 18680
J38: 900 | K38: 949 | O38: 19750
B39: Sum til fakturering kunde eks.mva | H39: =SUM(H26:H38) -> 3580 | J39: 950 | K39: 999 | O39: 20820
J40: 1000 | K40: 1099 | O40: 23000
C41: Jan | D41: Feb | E41: Mars | F41: April | G41: Mai | H41: Juni | J41: 1100 | K41: 1199 | O41: 24100
B42: Standard N | C42: 34 | D42: 29 | E42: 40 | F42: 32 | G42: 37 | H42: 38 | J42: 1200 | K42: 1299 | O42: 26260
B43: Standard online | C43: 106 | D43: 141 | E43: 152 | F43: 102 | G43: 112 | H43: 93 | J43: 1300 | K43: 1399 | O43: 28400
C44: =SUM(C42:C43) -> 140 | D44: =SUM(D42:D43) -> 170 | E44: =SUM(E42:E43) -> 192 | F44: =SUM(F42:F43) -> 134 | G44: =SUM(G42:G43) -> 149 | H44: =SUM(H42:H43) -> 131 | J44: 1400 | K44: 1499 | O44: 30240
J45: 1500 | K45: 1599 | O45: 32710
C46: Juli | D46: Aug | E46: Sept | F46: Okt | G46: nov | H46: des | J46: 1600 | K46: 1699 | O46: 34890
B47: Standard | C47: 16 | D47: 26 | J47: 1700 | K47: 1799 | O47: 37060
B48: Online | C48: 53 | D48: 149 | J48: 1800 | K48: 1899 | O48: 39200
C49: =SUM(C47:C48) -> 69 | D49: =SUM(D47:D48) -> 175 | J49: 1900 | K49: 1999 | O49: 41380
J50: 2000 | K50: 2099 | O50: 43500
J51: 2100 | K51: 2199 | O51: 45650
J52: 2200 | K52: 2299 | O52: 47850
J53: 2300 | K53: 2399 | O53: 49980
J54: 2400 | K54: 2499 | O54: 52160

Sheet TD Synnex
B2: FAKTURAGRUNNLAG SVARTJENESTE
B4: Kunde | C4: TD Synnex | F4: Saksbehandler:
B6: NY adresse fra 03/2015: tdinvoices@techdata.no m/avsender + faktura nummer
B7: Adresse er rettet til svenskeadressen
B9: Kunde nr | C9: ny
F10: Dato: | G10: =Felles!C2 -> 46265
B12: Kunden referanse
B13: Navn
B14: Bestillingsnr/merknad: | F14: 0-99 | G14: Tabell | O14: 2026
J15: Vol fra | K15: Vol til | O15: Pris
B16: Vår referanse: | C16: Geir Bodin
J17: 1 | K17: 99 | O17: 2960
J18: 100 | K18: 149 | O18: 3580
B19: Kreditt tid (std. 10 dager) | C19: Netto 10 dager | J19: 150 | K19: 199 | O19: 4090
B20: Kreditt tid (avvikende) | J20: 200 | K20: 249 | O20: 4670
J21: 250 | K21: 299 | O21: 5760
J22: 300 | K22: 349 | O22: 6830
J23: 350 | K23: 399 | O23: 7920
B24: Leveranse betegnelse | E24: Antall | F24: Stk pris | H24: Pris x.mva | J24: 400 | K24: 449 | O24: 8980
J25: 450 | K25: 499 | O25: 10080
B26: Svartjeneste | C26: 100-149 | D26: =Felles!C4 -> August | E26: 1 | F26: 3580 | H26: =E26*F26 -> 3580 | J26: 500 | K26: 549 | O26: 11150
J27: 550 | K27: 599 | O27: 12200
J28: 600 | K28: 649 | O28: 13260
J29: 650 | K29: 699 | O29: 14360
J30: 700 | K30: 749 | O30: 15430
J31: 750 | K31: 799 | O31: 16530
B32: Tekst på faktura: | J32: 800 | K32: 849 | O32: 17590
J33: 850 | K33: 899 | O33: 18680
J34: 900 | K34: 949 | O34: 19750
J35: 950 | K35: 999 | O35: 20820
J36: 1000 | K36: 1099 | O36: 23000
J37: 1100 | K37: 1199 | O37: 24100
J38: 1200 | K38: 1299 | O38: 26260
B39: Sum til fakturering kunde eks.mva | H39: =SUM(H26:H38) -> 3580 | J39: 1300 | K39: 1399 | O39: 28400
J40: 1400 | K40: 1499 | O40: 30240
J41: 1500 | K41: 1599 | O41: 32710
J42: 1600 | K42: 1699 | O42: 34890
J43: 1700 | K43: 1799 | O43: 37060
J44: 1800 | K44: 1899 | O44: 39200
J45: 1900 | K45: 1999 | O45: 41380
J46: 2000 | K46: 2099 | O46: 43500
J47: 2100 | K47: 2199 | O47: 45650
J48: 2200 | K48: 2299 | O48: 47850
J49: 2300 | K49: 2399 | O49: 49980
J50: 2400 | K50: 2499 | O50: 52160

Sheet Teva-Actavis
B2: FAKTURAGRUNNLAG SVARTJENESTE
B4: Kunde | C4: Teva AS | F4: Saksbehandler:
C5: Postboks 409
C6: 0214 Oslo
B9: Kunde nr | C9: ny
F10: Dato: | G10: =Felles!C2 -> 46265
B12: Kunden referanse | F12: 0-99 | O12: 2026
B13: Navn | C13: Jannicke Klemp | J13: Vol fra | K13: Vol til | O13: Pris
B14: Bestillingsnr/merknad:
J15: 1 | K15: 99 | O15: 2960
B16: Vår referanse: | C16: Geir Bodin | J16: 100 | K16: 149 | O16: 3580
J17: 150 | K17: 199 | O17: 4090
F18: invoice.norway@tevaeu.com | J18: 200 | K18: 249 | O18: 4670
B19: Kreditt tid (std. 10 dager) | C19: Netto 10 dager | J19: 250 | K19: 299 | O19: 5760
B20: Kreditt tid (avvikende) | F20: Merkes: AE 10395357 | J20: 300 | K20: 349 | O20: 6830
F21: Referanse: Jannicke Klemp | J21: 350 | K21: 399 | O21: 7920
J22: 400 | K22: 449 | O22: 8980
J23: 450 | K23: 499 | O23: 10080
B24: Leveranse betegnelse | D24: Måned | E24: Antall | F24: Stk pris | H24: Pris x.mva | J24: 500 | K24: 549 | O24: 11150
J25: 550 | K25: 599 | O25: 12200
B26: Grunnpris 1 tilknytninger | E26: 1 | F26: 199 | H26: =E26*F26 -> 199 | J26: 600 | K26: 649 | O26: 13260
B27: Svartjeneste | D27: =Felles!C4 -> August | E27: 1 | F27: 2960 | H27: =E27*F27 -> 2960 | J27: 650 | K27: 699 | O27: 14360
J28: 700 | K28: 749 | O28: 15430
J29: 750 | K29: 799 | O29: 16530
J30: 800 | K30: 849 | O30: 17590
B31: Tekst på faktura: | J31: 850 | K31: 899 | O31: 18680
J32: 900 | K32: 949 | O32: 19750
J33: 950 | K33: 999 | O33: 20820
J34: 1000 | K34: 1099 | O34: 23000
J35: 1100 | K35: 1199 | O35: 24100
J36: 1200 | K36: 1299 | O36: 26260
J37: 1300 | K37: 1399 | O37: 28400
B38: Sum til fakturering kunde eks.mva | H38: =SUM(H26:H37) -> 3159 | J38: 1400 | K38: 1499 | O38: 30240
J39: 1500 | K39: 1599 | O39: 32710
J40: 1600 | K40: 1699 | O40: 34890
J41: 1700 | K41: 1799 | O41: 37060
J42: 1800 | K42: 1899 | O42: 39200
J43: 1900 | K43: 1999 | O43: 41380
J44: 2000 | K44: 2099 | O44: 43500
J45: 2100 | K45: 2199 | O45: 45650
J46: 2200 | K46: 2299 | O46: 47850
J47: 2300 | K47: 2399 | O47: 49980
J48: 2400 | K48: 2499 | O48: 52160

Sheet Tropisk Design
A2: FAKTURAGRUNNLAG SVARTJENESTE
A4: Kunde | B4: Tropisk Design | E4: Saksbehandler: | F4: Geir
A5: Kunde nr | B5: 32386
E6: Dato: | F6: =Felles!C2 -> 46265
A8: Kunden referanse
A9: Navn | B9: Helene M. Gaustad | E9: Etablert April 2014
A10: Bestillingsnr/merknad:
E11: 640/32
A12: Vår referanse: | B12: Geir Bodin | D12: 2016 | E12: 680/34
D13: 2017 | E13: 700/35
E14: Bedriftssvar
A15: Kreditt tid (std. 10 dager) | B15: Netto 10 dager | D15: 2018 | E15: 720/36
A16: Kreditt tid (avvikende) | D16: 2019 | E16: 740/37
D17: 2020 | E17: 760/38
D18: 2021 | E18: 780/39
D19: 2022 | E19: 800/40
D20: 2023 | E20: 820/41
D21: 2024 | E21: 840/42
D22: 2025 | E22: 860/43
D23: 2026 | E23: 880/45
A26: Leveranse betegnelse | D26: Antall | E26: Stk pris | G26: Pris x.mva
A28: Sentralbordtjeneste | C28: =Felles!C4 -> August | D28: 1 | E28: 880 | G28: =D28*E28 -> 880
A29: Anrop >20 | D29: 3 | E29: 45 | G29: =D29*E29 -> 135
A34: Tekst på faktura:
A41: Sum til fakturering kunde eks.mva | G41: =SUM(G28:G40) -> 1015

Sheet Ultralydklinikken
A2: FAKTURAGRUNNLAG SVARTJENESTE
A4: Kunde | B4: Ultralydklinikken | E4: Saksbehandler:
A5: Kunde nr | B5: 32730
E6: Dato: | F6: =Felles!C2 -> 46265
A8: Kunden referanse | N8: 2026
A9: Navn | B9: Dag Harald Hovind | E9: dag.hovind@gmail.com | L9: Vol fra | M9: Vol til | N9: Pris
A10: Bestillingsnr/merknad:
F11: Kontrakt: juli 2017 | L11: 1 | M11: 99 | N11: 2960
A12: Vår referanse: | B12: Geir Bodin | L12: 100 | M12: 149 | N12: 3580
F13: Tabellkunde | G13: 0-99 | L13: 150 | M13: 199 | N13: 4090
L14: 200 | M14: 249 | N14: 4670
A15: Kreditt tid (std. 10 dager) | B15: 10 dager | E15: EHF | L15: 250 | M15: 299 | N15: 5760
A16: Kreditt tid (avvikende) | B16: _______ dager | L16: 300 | M16: 349 | N16: 6830
L17: 350 | M17: 399 | N17: 7920
L18: 400 | M18: 449 | N18: 8980
L19: 450 | M19: 499 | N19: 10080
A20: Leveranse betegnelse | D20: Antall | E20: Stk pris | G20: Pris x.mva | L20: 500 | M20: 549 | N20: 11150
L21: 550 | M21: 599 | N21: 12200
A22: Sentralbordtjeneste | C22: =Felles!C4 -> August | D22: 1 | E22: 3580 | G22: =E22 -> 3580 | L22: 600 | M22: 649 | N22: 13260
L23: 650 | M23: 699 | N23: 14360
L24: 700 | M24: 749 | N24: 15430
L25: 750 | M25: 799 | N25: 16530
L26: 800 | M26: 849 | N26: 17590
L27: 850 | M27: 899 | N27: 18680
L28: 900 | M28: 949 | N28: 19750
L29: 950 | M29: 999 | N29: 20820
L30: 1000 | M30: 1099 | N30: 23000
A31: Sum til fakturering kunde eks.mva | G31: =SUM(G22:G30) -> 3580 | L31: 1100 | M31: 1199 | N31: 24100
L32: 1200 | M32: 1299 | N32: 26260
L33: 1300 | M33: 1399 | N33: 28400
L34: 1400 | M34: 1499 | N34: 30240
L35: 1500 | M35: 1599 | N35: 32710
L36: 1600 | M36: 1699 | N36: 34890
L37: 1700 | M37: 1799 | N37: 37060
L38: 1800 | M38: 1899 | N38: 39200
L39: 1900 | M39: 1999 | N39: 41380
L40: 2000 | M40: 2099 | N40: 43500
L41: 2100 | M41: 2199 | N41: 45650
L42: 2200 | M42: 2299 | N42: 47850
L43: 2300 | M43: 2399 | N43: 49980
L44: 2400 | M44: 2499 | N44: 52160

Sheet Veidekke industri, Møre
B2: FAKTURAGRUNNLAG SVARTJENESTE
B4: Kunde | C4: Veidekke industri AS - 6152 | F4: Saksbehandler: | G4: Geir
B5: Kunde nr | C5: 32722
F6: Dato: | G6: =Felles!C2 -> 46265
B8: Kunden referanse
B9: Navn | C9: Gry Helseth Hansen
B10: Bestillingsnr/merknad: | C10: Anlegg 30236
F11: EHF | O11: 2026
B12: Vår referanse: | C12: Geir Bodin | J12: Vol fra | K12: Vol til | O12: Pris
F13: Etablert: juli 2017
J14: 1 | K14: 99 | O14: 2960 | P14: Pris inkluderer 80 samtaler
B15: Kreditt tid (std. 10 dager) | C15: Netto 10 dager | F15: Statistikk til: gry.helseth.hansen@veidekke.no | J15: 100 | K15: 149 | O15: 3580
B16: Kreditt tid (avvikende) | J16: 150 | K16: 199 | O16: 4090
F17: Tabell : 0-99 | J17: 200 | K17: 249 | O17: 4670
J18: 250 | K18: 299 | O18: 5760
J19: 300 | K19: 349 | O19: 6830
B20: Leveranse betegnelse | E20: Antall | F20: Stk pris | H20: Pris x.mva | J20: 350 | K20: 399 | O20: 7920
J21: 400 | K21: 449 | O21: 8980
B22: Sentralbordtjeneste | D22: Februar | E22: 1 | F22: 2960 | G22: 0 | H22: 2960 | J22: 450 | K22: 499 | O22: 10080
J23: 500 | K23: 549 | O23: 11150
B24: Statistikk: gry.helseth.hansen@veidekke.no | J24: 550 | K24: 599 | O24: 12200
J25: 600 | K25: 649 | O25: 13260
J26: 650 | K26: 699 | O26: 14360
J27: 700 | K27: 749 | O27: 15430
B28: Tekst på faktura: | J28: 750 | K28: 799 | O28: 16530
J29: 800 | K29: 849 | O29: 17590
J30: 850 | K30: 899 | O30: 18680
J31: 900 | K31: 949 | O31: 19750
J32: 950 | K32: 999 | O32: 20820
J33: 1000 | K33: 1099 | O33: 23000
J34: 1100 | K34: 1199 | O34: 24100
B35: Sum til fakturering kunde eks.mva | H35: =SUM(H22:H34) -> 2960 | J35: 1200 | K35: 1299 | O35: 26260
J36: 1300 | K36: 1399 | O36: 28400
J37: 1400 | K37: 1499 | O37: 30240
J38: 1500 | K38: 1599 | O38: 32710
J39: 1600 | K39: 1699 | O39: 34890
J40: 1700 | K40: 1799 | O40: 37060
J41: 1800 | K41: 1899 | O41: 39200
J42: 1900 | K42: 1999 | O42: 41380
J43: 2000 | K43: 2099 | O43: 43500
J44: 2100 | K44: 2199 | O44: 45650
J45: 2200 | K45: 2299 | O45: 47850
J46: 2300 | K46: 2399 | O46: 49980
J47: 2400 | K47: 2499 | O47: 52160

Sheet Veidekke Industri Sogn
B1: FAKTURAGRUNNLAG SVARTJENESTE
B3: Kunde | C3: Veidekke industri AS - Sogn | F3: Saksbehandler: | G3: Geir
B4: Kunde nr | C4: 33197
F5: Dato: | G5: 46112
G6: .
B7: Kunden referanse
B8: Navn | C8: Gry Helseth Hansen
B9: Bestillingsnr/merknad: | C9: Anlegg 60309
F10: EHF | O10: 2026
B11: Vår referanse: | C11: Geir Bodin | J11: Vol fra | K11: Vol til | O11: Pris
F12: Etablert: Mars 2026
J13: 1 | K13: 99 | O13: 2960 | P13: Pris inkluderer 80 samtaler
B14: Kreditt tid (std. 10 dager) | C14: Netto 10 dager | F14: Statistikk til: gry.helseth.hansen@veidekke.no | J14: 100 | K14: 149 | O14: 3580
B15: Kreditt tid (avvikende) | J15: 150 | K15: 199 | O15: 4090
F16: Tabell : 0-80 | J16: 200 | K16: 249 | O16: 4670
J17: 250 | K17: 299 | O17: 5760
J18: 300 | K18: 349 | O18: 6830
B19: Leveranse betegnelse | E19: Antall | F19: Stk pris | H19: Pris x.mva | J19: 350 | K19: 399 | O19: 7920
J20: 400 | K20: 449 | O20: 8980
B21: Sentralbordtjeneste | D21: Mars | E21: 1 | F21: 2960 | G21: 0 | H21: 2960 | J21: 450 | K21: 499 | O21: 10080
J22: 500 | K22: 549 | O22: 11150
B23: Statistikk: gry.helseth.hansen@veidekke.no | J23: 550 | K23: 599 | O23: 12200
J24: 600 | K24: 649 | O24: 13260
J25: 650 | K25: 699 | O25: 14360
J26: 700 | K26: 749 | O26: 15430
B27: Tekst på faktura: | J27: 750 | K27: 799 | O27: 16530
J28: 800 | K28: 849 | O28: 17590
J29: 850 | K29: 899 | O29: 18680
J30: 900 | K30: 949 | O30: 19750
J31: 950 | K31: 999 | O31: 20820
J32: 1000 | K32: 1099 | O32: 23000
J33: 1100 | K33: 1199 | O33: 24100
B34: Sum til fakturering kunde eks.mva | H34: =SUM(H21:H33) -> 2960 | J34: 1200 | K34: 1299 | O34: 26260
J35: 1300 | K35: 1399 | O35: 28400
J36: 1400 | K36: 1499 | O36: 30240
J37: 1500 | K37: 1599 | O37: 32710
J38: 1600 | K38: 1699 | O38: 34890
J39: 1700 | K39: 1799 | O39: 37060
J40: 1800 | K40: 1899 | O40: 39200
J41: 1900 | K41: 1999 | O41: 41380
J42: 2000 | K42: 2099 | O42: 43500
J43: 2100 | K43: 2199 | O43: 45650
J44: 2200 | K44: 2299 | O44: 47850
J45: 2300 | K45: 2399 | O45: 49980
J46: 2400 | K46: 2499 | O46: 52160

Sheet Vera tank
C2: FAKTURAGRUNNLAG SVARTJENESTE
C4: Kunde | D4: Vera Tank | G4: Saksbehandler: | H4: Geir
C5: Kunde nr | D5: 33182
G6: Dato: | H6: 45909 | K6: Pristabell Sentralbordet til nov 2026
K7: Prisene gjelder per måned. Trinnstørrelse: 20 samtaler. Startpris 0–69 anrop: kr 1 500.
C8: Kunden referanse
C9: Navn | D9: Tor Kjetilson Moe | K9: Volum (antall samtaler) | L9: Pris (NOK)
C10: Bestillingsnr/merknad: | K10: 0 – 69 | L10: 1500
G11: EHF | K11: 70 – 89 | L11: 2280
C12: Vår referanse: | D12: Geir Bodin | K12: 90 – 109 | L12: 2870
K13: 110 – 129 | L13: 3260
K14: 130 – 149 | L14: 3450
C15: Kreditt tid (std. 10 dager) | D15: Netto 10 dager | G15: Statistikk til: tkm@cegroup.no | K15: 150 – 169 | L15: 3810
C16: Kreditt tid (avvikende) | K16: 170 – 189 | L16: 4020
K17: 190 – 209 | L17: 4260
K18: 210 – 229 | L18: 4490
K19: 230 – 249 | L19: 4860
C20: Leveranse betegnelse | F20: Antall | G20: Stk pris | I20: Pris x.mva | K20: 250 – 269 | L20: 5280
K21: 270 – 289 | L21: 5690
C22: Sentralbordtjeneste 0-69 anrop | F22: 1 | G22: 2870 | I22: =F22*G22 -> 2870 | K22: 290 – 309 | L22: 6100
K23: 310 – 329 | L23: 6520
K24: 330 – 349 | L24: 6940
K25: 350 – 369 | L25: 7370
K26: 370 – 389 | L26: 7790
K27: 390 – 409 | L27: 8200
K28: 410 – 429 | L28: 8610
K29: 430 – 449 | L29: 9020
C30: Tekst på faktura: | K30: 450 – 469 | L30: 9440
K31: 470 – 489 | L31: 9860
K32: 490 – 509 | L32: 10280
K33: 510 – 529 | L33: 10700
K34: 530 – 549 | L34: 11120
K35: 550 – 569 | L35: 11530
K36: 570 – 589 | L36: 11940
C37: Sum til fakturering kunde eks.mva | I37: =SUM(I22:I36) -> 2870 | K37: 590 – 609 | L37: 12350
K38: 610 – 629 | L38: 12760
K39: 630 – 649 | L39: 13180
K40: 650 – 669 | L40: 13610
K41: 670 – 689 | L41: 14030
K42: 690 – 709 | L42: 14450
K43: 710 – 729 | L43: 14870
K44: 730 – 749 | L44: 15290
K45: 750 – 769 | L45: 15710
K46: 770 – 789 | L46: 16130
K47: 790 – 809 | L47: 16540
K48: 810 – 829 | L48: 16960
K49: 830 – 849 | L49: 17380
... K132: 2490 – 2499 | L132: 51540

Sheet Vika fys
B3: FAKTURAGRUNNLAG SVARTJENESTE
B5: Kunde | C5: Vikar Fysikalske inst. | F5: Saksbehandler: | G5: Geir
B6: Kunde nr | C6: 33141
F7: Dato: | G7: ='Veidekke industri, Møre'!G6 -> 46265
B9: Kunden referanse | F9: Epost:pdf
B10: Navn | C10: Anne Kari Abelsen Nicke
B11: Bestillingsnr/merknad: | F11: Etablert | G11: 45323
B13: Vår referanse: | C13: Geir Bodin | F13: Egen modell
F14: Fast | G14: 199
F15: Rapporter | G15: 790
B16: Kreditt tid (std. 10 dager) | C16: Netto 10 dager
F17: Volum | G17: 2024 | H17: 2025 | I17: 2026
F18: 0-30 | G18: 1360 | H18: 1390 | I18: 1430
F19: 31-40 | G19: 1550 | H19: 1590 | I19: 1640
F20: 41-50 | G20: 1770 | H20: 1820 | I20: 1880
F21: 51-60 | G21: 1960 | H21: 2020 | I21: 2100
F22: 61-70 | G22: 2180 | H22: 2240 | I22: 2300
F23: 71-80 | G23: 2450 | H23: 2520 | I23: 2600
F24: ?
B26: Leveranse betegnelse | E26: Antall | F26: Stk pris | H26: Pris x.mva
B28: Sentralbordtjeneste | D28: =Felles!C5 -> 0 | E28: 1 | F28: 199 | H28: =E28*F28 -> 199
B29: Rapporter | E29: 1 | F29: 790 | H29: =E29*F29 -> 790
B30: Antall samtaler | E30: 1 | F30: 1640 | H30: 1640
B34: Tekst på faktura:
B41: Sum til fakturering kunde eks.mva | H41: =SUM(H28:H40) -> 2629

Sheet Zones
B2: FAKTURAGRUNNLAG SVARTJENESTE
B4: Kunde | C4: Zones | F4: Saksbehandler: | G4: Geir
B5: Kunde nr | C5: 32361
F6: Dato: | G6: =Felles!C2 -> 46265
B8: Kunden referanse
B9: Navn | C9: Kjetil Torsvik | F9: Back up løsning
B10: Bestillingsnr/merknad: | F10: Fast pr.måned
B12: Vår referanse: | C12: Geir Bodin | F12: Fast 560/20
F13: fast 580/29 for 2015
E14: 2016 | F14: 600/20-30,-
B15: Kreditt tid (std. 10 dager) | C15: Netto 10 dager | E15: 2017 | F15: 620/20-31,-
B16: Kreditt tid (avvikende) | E16: 2018 | F16: 640/20-32
E17: 2019 | F17: 660/20-33
E18: 2020 | F18: 680/20-34
E19: 2021 | F19: 700/20-35
E20: 2022 | F20: 720/20-36
E21: 2023 | F21: 740/20-37
E22: 2024 | F22: 780/20-39
E23: 2025 | F23: 800/20-40
E24: 2026 | F24: 820/20-42
B26: Leveranse betegnelse | E26: Antall | F26: Stk pris | H26: Pris x.mva
B28: Sentralbordtjeneste inkl. 20 | D28: =Felles!C4 -> August | E28: 1 | F28: 820 | H28: =E28*F28 -> 820
B29: Anrop > 20 | E29: 0 | F29: 42 | H29: =E29*F29 -> 0
H31: =SUM(H28:H30) -> 820

Sheet 2clean
B2: FAKTURAGRUNNLAG SVARTJENESTE
B4: Kunde | C4: 2Clean AS | F4: Saksbehandler:
B9: Kunde nr
F10: Dato: | G10: =Felles!C2 -> 46265
B12: Kunden referanse
B13: Navn | F13: Etablert: | G13: 42614
B14: Bestillingsnr/merknad: | C14: Lars h. Dahl
F15: Tabell | G15: 0-99 | J15: Pristabell sentralbordet gjeldende fra 01.01.-31.12.2026
B16: Vår referanse: | C16: Geir Bodin
F17: Inkl Adexon | O17: 2026
J18: Vol fra | K18: Vol til | O18: Pris
B19: Kreditt tid (std. 10 dager) | C19: Netto 10 dager
B20: Kreditt tid (avvikende) | J20: 1 | K20: 99 | O20: 2960
J21: 100 | K21: 149 | O21: 3580
J22: 150 | K22: 199 | O22: 4090
J23: 200 | K23: 249 | O23: 4670
B24: Leveranse betegnelse | E24: Antall | F24: Stk pris | H24: Pris x.mva | J24: 250 | K24: 299 | O24: 5760
J25: 300 | K25: 349 | O25: 6830
B26: Sentralbord | D26: =Felles!C4 -> August | E26: 1 | F26: 2960 | H26: =E26*F26 -> 2960 | J26: 350 | K26: 399 | O26: 7920
J27: 400 | K27: 449 | O27: 8980
B28: Statistikk: | C28: lars@2clean.no | J28: 450 | K28: 499 | O28: 10080
J29: 500 | K29: 549 | O29: 11150
J30: 550 | K30: 599 | O30: 12200
J31: 600 | K31: 649 | O31: 13260
B32: Tekst på faktura: | J32: 650 | K32: 699 | O32: 14360
J33: 700 | K33: 749 | O33: 15430
J34: 750 | K34: 799 | O34: 16530
J35: 800 | K35: 849 | O35: 17590
J36: 850 | K36: 899 | O36: 18680
J37: 900 | K37: 949 | O37: 19750
J38: 950 | K38: 999 | O38: 20820
B39: Sum til fakturering kunde eks.mva | H39: =SUM(H26:H38) -> 2960 | J39: 1000 | K39: 1099 | O39: 23000
J40: 1100 | K40: 1199 | O40: 24100
J41: 1200 | K41: 1299 | O41: 26260
J42: 1300 | K42: 1399 | O42: 28400
J43: 1400 | K43: 1499 | O43: 30240
J44: 1500 | K44: 1599 | O44: 32710
J45: 1600 | K45: 1699 | O45: 34890
J46: 1700 | K46: 1799 | O46: 37060
J47: 1800 | K47: 1899 | O47: 39200
J48: 1900 | K48: 1999 | O48: 41380
J49: 2000 | K49: 2099 | O49: 43500
J50: 2100 | K50: 2199 | O50: 45650
J51: 2200 | K51: 2299 | O51: 47850
... J53: 2400 | K53: 2499 | O53: 52160
